-- phpMyAdmin SQL Dump
-- version 5.0.2
-- https://www.phpmyadmin.net/
--
-- Host: 127.0.0.1
-- Generation Time: Jun 20, 2020 at 09:15 PM
-- Server version: 10.4.11-MariaDB
-- PHP Version: 7.2.31

SET SQL_MODE = "NO_AUTO_VALUE_ON_ZERO";
START TRANSACTION;
SET time_zone = "+00:00";


/*!40101 SET @OLD_CHARACTER_SET_CLIENT=@@CHARACTER_SET_CLIENT */;
/*!40101 SET @OLD_CHARACTER_SET_RESULTS=@@CHARACTER_SET_RESULTS */;
/*!40101 SET @OLD_COLLATION_CONNECTION=@@COLLATION_CONNECTION */;
/*!40101 SET NAMES utf8mb4 */;

--
-- Database: `ams`
--

-- --------------------------------------------------------

--
-- Table structure for table `assets`
--

CREATE TABLE `assets` (
  `id` bigint(20) UNSIGNED NOT NULL,
  `itemNo` varchar(191) COLLATE utf8mb4_unicode_ci NOT NULL,
  `description` varchar(191) COLLATE utf8mb4_unicode_ci NOT NULL,
  `more_description` varchar(191) COLLATE utf8mb4_unicode_ci NOT NULL,
  `date_purchased` date NOT NULL,
  `date_capitalised` date NOT NULL,
  `quantity` int(11) NOT NULL,
  `purchase_cost` double(8,2) NOT NULL,
  `life_in_years` int(100) NOT NULL,
  `depreciation_percentage` double(8,2) NOT NULL,
  `maintenance` double(8,2) NOT NULL,
  `asset_value` double(8,2) NOT NULL,
  `category` varchar(191) COLLATE utf8mb4_unicode_ci NOT NULL,
  `status` varchar(191) COLLATE utf8mb4_unicode_ci NOT NULL,
  `barcode` varchar(191) COLLATE utf8mb4_unicode_ci NOT NULL,
  `account_code` varchar(191) COLLATE utf8mb4_unicode_ci NOT NULL,
  `mda` varchar(191) COLLATE utf8mb4_unicode_ci NOT NULL,
  `location` varchar(191) COLLATE utf8mb4_unicode_ci NOT NULL,
  `custodian_id` bigint(20) UNSIGNED NOT NULL,
  `office` varchar(191) COLLATE utf8mb4_unicode_ci NOT NULL,
  `user_id` bigint(20) UNSIGNED DEFAULT NULL,
  `dispose_id` bigint(20) UNSIGNED DEFAULT NULL,
  `reassigned` int(11) DEFAULT NULL,
  `created_at` timestamp NULL DEFAULT NULL,
  `updated_at` timestamp NULL DEFAULT NULL
) ENGINE=MyISAM DEFAULT CHARSET=utf8mb4 COLLATE=utf8mb4_unicode_ci;

--
-- Dumping data for table `assets`
--

INSERT INTO `assets` (`id`, `itemNo`, `description`, `more_description`, `date_purchased`, `date_capitalised`, `quantity`, `purchase_cost`, `life_in_years`, `depreciation_percentage`, `maintenance`, `asset_value`, `category`, `status`, `barcode`, `account_code`, `mda`, `location`, `custodian_id`, `office`, `user_id`, `dispose_id`, `reassigned`, `created_at`, `updated_at`) VALUES
(1, 'FFTA00020', 'EXECUTIVE TABLE WITH EXTENSION', 'EXECUTIVE TABLE WITH EXTENSION', '2020-04-27', '2020-06-05', 1, 10000.00, 0, 10.00, 0.00, 9000.00, 'FF', 'GOOD', 'AGO/00001', '51001', 'Accountant General\'s Office', 'Accountant Generals Office', 3, 'ACCOUNT', NULL, NULL, 1, '2020-05-23 13:39:31', '2020-06-15 09:44:20'),
(2, 'FFCH00004', 'ARM-CHAIR', 'ARM CHAIR', '2020-05-04', '2020-07-03', 1, 40000.00, 0, 23.00, 0.00, 30800.00, 'FF', 'GOOD', 'AGO/00009', '51001', 'Accountant General\'s Office', 'MUTUAL BUILDING', 3, 'ACCOUNT', NULL, NULL, 0, '2020-05-23 13:46:31', '2020-06-14 09:11:40'),
(3, 'FFCH00005', 'ARM-CHAIR', 'ARM CHAIR', '2020-05-04', '2020-07-03', 1, 50000.00, 0, 23.00, 0.00, 38500.00, 'FF', 'UNDER RENOVATION', 'AGO/00009', '51001', 'Accountant General\'s Office', 'MUTUAL BUILDING', 3, 'ACCOUNT', NULL, NULL, 1, '2020-05-23 13:50:50', '2020-06-15 09:41:14'),
(4, 'FFCH00041', 'CHAIR-UPHOLSTERYY 1SEATER', 'CHAIR UPHOLSTERYY CHAIR 1 SEATER', '2018-05-04', '2020-07-01', 1, 20000.00, 0, 10.00, 0.00, 16000.00, 'FF', 'DISPOSE', 'AGO/00009', '51001', 'Accountant General\'s Office', 'MUTUAL BUILDING', 4, 'ACCOUNT', NULL, NULL, 1, '2020-05-23 13:59:42', '2020-06-15 09:44:48'),
(5, 'FFCH00041', 'SHARP', 'AIR-CONDITIONER-SPLIT', '2019-05-04', '2020-07-16', 2, 30000.00, 0, 2.00, 0.00, 28800.00, 'FF', 'DISPOSE', 'AGO/00010', '51001', 'Accountant General\'s Office', 'MUTUAL BUILDING', 1, 'ACCOUNT', NULL, NULL, 0, '2020-05-23 14:03:15', '2020-05-26 14:46:12'),
(6, 'FFCH00043', 'LG', 'AIR-CONDITIONER-SPLIT', '2019-05-04', '2020-07-16', 2, 37500.00, 0, 2.00, 0.00, 36000.00, 'FF', 'GOOD', 'AGO/00010', '51001', 'Accountant General\'s Office', 'MUTUAL BUILDING', 2, 'ACCOUNT', NULL, NULL, 1, '2020-05-23 14:04:48', '2020-06-15 10:21:22'),
(7, 'FFCH00048', 'SAMSUNG', 'AIR-CONDITIONER-SPLIT', '2019-05-04', '2020-07-16', 2, 36500.00, 0, 2.00, 0.00, 35040.00, 'FF', 'DISPOSE', 'AGO/00010', '51001', 'Accountant General\'s Office', 'MUTUAL BUILDING', 1, 'ACCOUNT', NULL, NULL, 0, '2020-05-23 14:07:03', '2020-05-26 06:02:26'),
(13, '1233', 'chair', 'resting chair', '2020-06-12', '2020-06-13', 1, 10000.00, 0, 10.00, 200.00, 9200.00, 'IT', 'GOOD', 'ago/1000', '51001', 'Cabinet & Special Services Department', 'Auditor Generals Office', 1, 'ACCOUNT OFFFICE Ministry of Local Govt', NULL, NULL, 0, '2020-06-01 07:31:48', '2020-06-14 09:11:17'),
(8, 'FFCH0004', 'EXECUTIVE TABLE WITH EXTENSION', 'EXECUTIVE TABLE WITH EXTENSION', '2020-05-05', '2020-05-28', 11, 10000.00, 0, 10.00, 12.00, 9012.00, 'FF', 'GOOD', 'AGO/00001', '51001', 'Bureau Of Public Procurement', 'New finance building', 1, 'ACCOUNT OFFICE 12', NULL, NULL, 1, '2020-05-29 16:44:51', '2020-06-14 05:09:06'),
(9, 'FFCH0004', 'EXECUTIVE TABLE WITH EXTENSION', 'EXECUTIVE TABLE WITH EXTENSION', '2020-05-05', '2020-05-28', 11, 10000.00, 0, 10.00, 12.00, 9012.00, 'FF', 'GOOD', 'AGO/00001', '51001', 'Bureau Of Public Procurement', 'Office of the New Minister', 3, 'ACCOUNT OFFICE 12', NULL, NULL, 0, '2020-05-29 16:48:27', '2020-06-14 09:11:38'),
(10, 'FFCH0004', 'EXECUTIVE TABLE WITH EXTENSION', 'EXECUTIVE TABLE WITH EXTENSION', '2020-05-05', '2020-05-28', 11, 10000.00, 0, 10.00, 12.00, 9012.00, 'FF', 'GOOD', 'AGO/00001', '51001', 'Bureau Of Public Procurement', 'Office of the OldMinister', 2, 'ACCOUNT OFFICE 12', NULL, NULL, 1, '2020-05-29 16:52:06', '2020-06-14 11:35:49'),
(11, 'FFCH0004', 'EXECUTIVE TABLE WITH EXTENSION', 'EXECUTIVE TABLE WITH EXTENSION', '2020-05-05', '2020-05-28', 11, 10000.00, 0, 10.00, 12.00, 9012.00, 'FF', 'GOOD', 'AGO/00001', '51001', 'Bureau Of Public Procurement', 'Office of the Commisioner and Minister', 2, 'ACCOUNT OFFICE 12', NULL, NULL, 1, '2020-05-29 16:55:15', '2020-06-14 08:56:11'),
(12, 'FFCH0004', 'EXECUTIVE TABLE WITH EXTENSION', 'EXECUTIVE TABLE WITH EXTENSION', '2020-05-05', '2020-05-28', 11, 10000.00, 0, 10.00, 12.00, 9012.00, 'FF', 'GOOD', 'AGO/00001', '51001', 'Bureau Of Public Procurement', 'Office of the Commisioner and Minister', 2, 'ACCOUNT OFFICE 12', NULL, NULL, 1, '2020-05-29 16:57:20', '2020-06-14 09:09:28'),
(14, 'F2002', 'Chair', 'Executive Chair', '2020-06-15', '2021-06-15', 1, 10000.00, 0, 0.00, 10.00, 10010.00, 'FF', 'BAD', '51001', 'ago/001', 'Accountant General\'s Office', 'Governors Office', 1, 'Office of the secretary', NULL, NULL, NULL, '2020-06-15 10:50:49', '2020-06-15 10:51:10'),
(15, '1233', 'New Telephone', 'New Mac IN phonw', '2020-06-01', '2020-06-18', 1, 10000.00, 0, 12.00, 0.00, 8800.00, 'OE', 'BAD', '51001', '51001', 'Accountant General\'s Office', 'Governors Office', 2, 'comp room', NULL, NULL, NULL, '2020-06-16 07:57:56', '2020-06-16 07:57:56');

-- --------------------------------------------------------

--
-- Table structure for table `custodians`
--

CREATE TABLE `custodians` (
  `id` bigint(20) UNSIGNED NOT NULL,
  `first_name` varchar(191) COLLATE utf8mb4_unicode_ci NOT NULL,
  `last_name` varchar(191) COLLATE utf8mb4_unicode_ci NOT NULL,
  `cadre` varchar(191) COLLATE utf8mb4_unicode_ci NOT NULL,
  `gender` varchar(191) COLLATE utf8mb4_unicode_ci NOT NULL,
  `address` varchar(191) COLLATE utf8mb4_unicode_ci NOT NULL,
  `barcode` varchar(191) COLLATE utf8mb4_unicode_ci NOT NULL,
  `mda` varchar(191) COLLATE utf8mb4_unicode_ci NOT NULL,
  `unit` varchar(191) COLLATE utf8mb4_unicode_ci NOT NULL,
  `created_at` timestamp NULL DEFAULT NULL,
  `updated_at` timestamp NULL DEFAULT NULL
) ENGINE=MyISAM DEFAULT CHARSET=utf8mb4 COLLATE=utf8mb4_unicode_ci;

--
-- Dumping data for table `custodians`
--

INSERT INTO `custodians` (`id`, `first_name`, `last_name`, `cadre`, `gender`, `address`, `barcode`, `mda`, `unit`, `created_at`, `updated_at`) VALUES
(1, 'Samuel', 'Aluko', '15', 'female', 'New Iyin Road', 'AGO/00001', 'Broadcasting Service Of Ekiti State', 'Account', '2020-05-23 03:33:36', '2020-05-23 03:33:36'),
(2, 'Ojo', 'Peter', '16', 'male', 'Ado Ekiti', 'AGO/00001', 'Bureau of Tourism', 'Planning', '2020-05-23 13:43:17', '2020-05-26 14:29:49'),
(3, 'Omotayo', 'Omolara', '15', 'female', 'Housing Avenue', '51001', 'Accountant General\'s Office', 'Budget', '2020-06-14 12:08:32', '2020-06-14 12:08:32'),
(4, 'Seun', 'Adelabu', '09', 'female', 'Old Textile', '51001', 'Accountant General\'s Office', 'Finance', '2020-06-14 12:58:41', '2020-06-14 12:58:41');

-- --------------------------------------------------------

--
-- Table structure for table `disposed_asset`
--

CREATE TABLE `disposed_asset` (
  `dispose_id` int(30) NOT NULL,
  `reason` varchar(255) NOT NULL,
  `date` date NOT NULL,
  `to_who` varchar(255) NOT NULL
) ENGINE=InnoDB DEFAULT CHARSET=latin1;

--
-- Dumping data for table `disposed_asset`
--

INSERT INTO `disposed_asset` (`dispose_id`, `reason`, `date`, `to_who`) VALUES
(51, 'bad condition', '2020-02-11', 'Mr. Olu'),
(52, 'bad condition', '2020-02-13', 'Mr. Olu'),
(53, 'bad condition', '2020-02-21', 'Mr. Olu'),
(55, '', '0000-00-00', ''),
(56, '', '0000-00-00', ''),
(57, '', '0000-00-00', ''),
(58, '', '0000-00-00', ''),
(59, 'Too big', '2020-02-20', 'Mr Tolu'),
(60, '', '0000-00-00', ''),
(61, '', '0000-00-00', ''),
(62, '', '0000-00-00', ''),
(63, '', '0000-00-00', ''),
(64, '', '0000-00-00', ''),
(65, '', '0000-00-00', ''),
(66, '', '0000-00-00', ''),
(67, 'too old', '2020-02-12', 'Chief Guard'),
(68, '', '0000-00-00', ''),
(73, '', '0000-00-00', '');

-- --------------------------------------------------------

--
-- Table structure for table `disposes`
--

CREATE TABLE `disposes` (
  `id` bigint(20) UNSIGNED NOT NULL,
  `reason` varchar(191) COLLATE utf8mb4_unicode_ci NOT NULL,
  `asset_id` int(191) NOT NULL,
  `date` varchar(191) COLLATE utf8mb4_unicode_ci NOT NULL,
  `to_who` varchar(191) COLLATE utf8mb4_unicode_ci NOT NULL,
  `created_at` timestamp NULL DEFAULT NULL,
  `updated_at` timestamp NULL DEFAULT NULL
) ENGINE=MyISAM DEFAULT CHARSET=utf8mb4 COLLATE=utf8mb4_unicode_ci;

--
-- Dumping data for table `disposes`
--

INSERT INTO `disposes` (`id`, `reason`, `asset_id`, `date`, `to_who`, `created_at`, `updated_at`) VALUES
(1, 'Too big', 4, '2020-05-20', 'Mr Dada Bayo', '2020-05-23 13:59:42', '2020-05-26 14:44:25'),
(2, 'Unwanted', 5, '2020-05-20', 'Mr Ariyo', '2020-05-23 14:03:15', '2020-05-26 14:46:12'),
(3, 'Too small', 7, '2020-05-20', 'Mr Ajayi', '2020-05-23 14:07:03', '2020-05-23 14:07:03');

-- --------------------------------------------------------

--
-- Table structure for table `failed_jobs`
--

CREATE TABLE `failed_jobs` (
  `id` bigint(20) UNSIGNED NOT NULL,
  `connection` text COLLATE utf8mb4_unicode_ci NOT NULL,
  `queue` text COLLATE utf8mb4_unicode_ci NOT NULL,
  `payload` longtext COLLATE utf8mb4_unicode_ci NOT NULL,
  `exception` longtext COLLATE utf8mb4_unicode_ci NOT NULL,
  `failed_at` timestamp NOT NULL DEFAULT current_timestamp()
) ENGINE=MyISAM DEFAULT CHARSET=utf8mb4 COLLATE=utf8mb4_unicode_ci;

-- --------------------------------------------------------

--
-- Table structure for table `location`
--

CREATE TABLE `location` (
  `id` int(20) NOT NULL,
  `location` varchar(255) NOT NULL,
  `created_at` timestamp NOT NULL DEFAULT current_timestamp(),
  `updated_at` timestamp NOT NULL DEFAULT current_timestamp()
) ENGINE=InnoDB DEFAULT CHARSET=latin1;

--
-- Dumping data for table `location`
--

INSERT INTO `location` (`id`, `location`, `created_at`, `updated_at`) VALUES
(1, 'Old finance building', '2020-05-29 17:48:17', '2020-05-29 17:48:17'),
(2, 'New finance building', '2020-05-29 17:48:17', '2020-05-29 17:48:17'),
(3, 'Secretariat Building', '2020-05-29 17:48:17', '2020-05-29 17:48:17'),
(4, 'Governors Office', '2020-05-29 17:48:17', '2020-05-29 17:48:17'),
(5, 'Accountant Generals Office', '2020-05-29 17:48:17', '2020-05-29 17:48:17'),
(6, 'Auditor Generals Office', '2020-05-29 17:48:17', '2020-05-29 17:48:17'),
(7, 'subeb', '2020-05-29 17:48:17', '2020-05-29 17:48:17'),
(8, 'Accountant Generals Office', '2020-05-29 17:48:17', '2020-05-29 17:48:17'),
(9, 'Secretariat Building', '2020-05-29 17:48:17', '2020-05-29 17:48:17'),
(10, 'LOCK', '2020-05-29 17:48:17', '2020-05-29 17:48:17'),
(11, 'LOCK', '2020-05-29 17:48:17', '2020-05-29 17:48:17'),
(12, 'EKITI STATE UNIVERSITY', '2020-05-29 17:48:17', '2020-05-29 17:48:17'),
(13, 'Old finance building', '2020-05-29 17:48:17', '2020-05-29 17:48:17'),
(14, 'New finance building', '2020-05-29 17:48:17', '2020-05-29 17:48:17'),
(15, 'EKITI STATE UNIVERSITY', '2020-05-29 17:48:17', '2020-05-29 17:48:17'),
(16, 'Secretariat Building', '2020-05-29 17:48:17', '2020-05-29 17:48:17'),
(17, 'New finance building', '2020-05-29 17:48:17', '2020-05-29 17:48:17'),
(18, 'New finance building', '2020-05-29 17:48:17', '2020-05-29 17:48:17'),
(19, 'Old finance building', '2020-05-29 17:48:17', '2020-05-29 17:48:17'),
(20, 'Secretariat Building', '2020-05-29 17:48:17', '2020-05-29 17:48:17'),
(21, 'New finance building', '2020-05-29 17:48:17', '2020-05-29 17:48:17'),
(22, 'New finance building', '2020-05-29 17:48:17', '2020-05-29 17:48:17'),
(23, 'Secretariat Building', '2020-05-29 17:48:17', '2020-05-29 17:48:17'),
(24, 'Secretariat Building', '2020-05-29 17:48:17', '2020-05-29 17:48:17'),
(25, 'Secretariat Building', '2020-05-29 17:48:17', '2020-05-29 17:48:17'),
(26, 'Secretariat Building', '2020-05-29 17:48:17', '2020-05-29 17:48:17'),
(27, 'New finance building', '2020-05-29 17:48:17', '2020-05-29 17:48:17'),
(28, 'Secretariat Building', '2020-05-29 17:48:17', '2020-05-29 17:48:17'),
(29, 'New finance building', '2020-05-29 17:48:17', '2020-05-29 17:48:17'),
(30, 'Old finance building', '2020-05-29 17:48:17', '2020-05-29 17:48:17'),
(31, 'Old finance building', '2020-05-29 17:48:17', '2020-05-29 17:48:17'),
(32, 'Old finance building', '2020-05-29 17:48:17', '2020-05-29 17:48:17'),
(33, 'New finance building', '2020-05-29 17:48:17', '2020-05-29 17:48:17'),
(34, 'Old finance building', '2020-05-29 17:48:17', '2020-05-29 17:48:17'),
(35, 'Old finance building', '2020-05-29 17:48:17', '2020-05-29 17:48:17'),
(36, 'Old finance building', '2020-05-29 17:48:17', '2020-05-29 17:48:17'),
(37, 'Old finance building', '2020-05-29 17:48:17', '2020-05-29 17:48:17'),
(38, 'Office of the New Minister', '2020-05-29 16:48:27', '2020-05-29 16:48:27'),
(39, 'Office of the New Minister', '2020-05-29 16:48:27', '2020-05-29 16:48:27'),
(40, 'Office of the OldMinister', '2020-05-29 16:52:06', '2020-05-29 16:52:06'),
(41, 'Office of the OldMinister', '2020-05-29 16:52:06', '2020-05-29 16:52:06'),
(42, 'Office of the Commisioner and Minister', '2020-05-29 16:57:20', '2020-05-29 16:57:20');

-- --------------------------------------------------------

--
-- Table structure for table `login`
--

CREATE TABLE `login` (
  `id` int(50) NOT NULL,
  `username` varchar(150) NOT NULL,
  `email` varchar(150) NOT NULL,
  `password` varchar(150) NOT NULL,
  `phone_no` varchar(150) NOT NULL,
  `level` varchar(150) NOT NULL
) ENGINE=InnoDB DEFAULT CHARSET=latin1;

--
-- Dumping data for table `login`
--

INSERT INTO `login` (`id`, `username`, `email`, `password`, `phone_no`, `level`) VALUES
(1, 'admin', 'admin@admin', 'password', '08135975594', 'admin'),
(2, 'tolulope', 'lahbeestar@gmail.com', 'tolulope', '08114225068', 'custodian'),
(3, 'Ope', 'Ope@admin.com', 'password12', '2302304935', 'user'),
(4, 'user', 'user@gmail.com', 'userpass', '1232414', 'user'),
(5, 'user', 'user@gmail.com', 'password', '213456', 'user'),
(6, 'admin', 'admin@gmail.com', 'password', '08135975594', 'admin');

-- --------------------------------------------------------

--
-- Table structure for table `mda`
--

CREATE TABLE `mda` (
  `id` int(20) NOT NULL,
  `mda` varchar(255) NOT NULL,
  `created_at` timestamp NULL DEFAULT current_timestamp(),
  `updated_at` timestamp NULL DEFAULT current_timestamp()
) ENGINE=InnoDB DEFAULT CHARSET=latin1;

--
-- Dumping data for table `mda`
--

INSERT INTO `mda` (`id`, `mda`, `created_at`, `updated_at`) VALUES
(1, 'Accountant General\'s Office', '2020-06-15 12:21:05', '2020-06-15 12:21:05'),
(2, 'Agency For Adult Education', '2020-06-15 12:21:05', '2020-06-15 12:21:05'),
(3, 'Agric Development Programme', '2020-06-15 12:21:05', '2020-06-15 12:21:05'),
(4, 'Agric Engineering (TRACTOR UNIT)', '2020-06-15 12:21:05', '2020-06-15 12:21:05'),
(5, 'Auditor General\'s Office', '2020-06-15 12:21:05', '2020-06-15 12:21:05'),
(6, 'Bird Flu Control Unit', '2020-06-15 12:21:05', '2020-06-15 12:21:05'),
(7, 'Board Of Technical & Vocational Education', '2020-06-15 12:21:05', '2020-06-15 12:21:05'),
(8, 'Boundary Commission', '2020-06-15 12:21:05', '2020-06-15 12:21:05'),
(9, 'Broadcasting Service Of Ekiti State', '2020-06-15 12:21:05', '2020-06-15 12:21:05'),
(10, 'Ministry of Local Govt', '2020-06-15 12:21:05', '2020-06-15 12:21:05'),
(11, 'Bureau of Info.& Comm.Tech.', '2020-06-15 12:21:05', '2020-06-15 12:21:05'),
(12, 'Ministry Of Public Utilities', '2020-06-15 12:21:05', '2020-06-15 12:21:05'),
(13, 'Ministry Of Lands, Planning & Urban Development', '2020-06-15 12:21:05', '2020-06-15 12:21:05'),
(14, 'Bureau Of Public Procurement', '2020-06-15 12:21:05', '2020-06-15 12:21:05'),
(15, 'Ministry of Works & Transportation', '2020-06-15 12:21:05', '2020-06-15 12:21:05'),
(16, 'Bureau Of Statistics', '2020-06-15 12:21:05', '2020-06-15 12:21:05'),
(17, 'Bureau of Tourism', '2020-06-15 12:21:05', '2020-06-15 12:21:05'),
(18, 'Cabinet & Special Services Department', '2020-06-15 12:21:05', '2020-06-15 12:21:05'),
(19, 'Christian Pilgrim Welfare Board', '2020-06-15 12:21:05', '2020-06-15 12:21:05'),
(20, 'Civil Service Commision', '2020-06-15 12:21:05', '2020-06-15 12:21:05'),
(21, 'Deputy Gov.Office', '2020-06-15 12:21:05', '2020-06-15 12:21:05'),
(22, 'Education Endownment', '2020-06-15 12:21:05', '2020-06-15 12:21:05'),
(23, 'Ekiti State Enterprise Development Agency', '2020-06-15 12:21:05', '2020-06-15 12:21:05'),
(24, 'Ekiti State Fire Service', '2020-06-15 12:21:05', '2020-06-15 12:21:05'),
(25, 'Ekiti State Land And Building', '2020-06-15 12:21:05', '2020-06-15 12:21:05'),
(26, 'Ministry of Works & Transportation Agency', '2020-06-15 12:21:05', '2020-06-15 12:21:05'),
(27, 'Electricity Board', '2020-06-15 12:21:05', '2020-06-15 12:21:05'),
(28, 'Fiscal Responsibility Commission', '2020-06-15 12:21:05', '2020-06-15 12:21:05'),
(29, 'Forestry Unit', '2020-06-15 12:21:05', '2020-06-15 12:21:05'),
(30, 'Fountain Agric.Marketing Agency', '2020-06-15 12:21:05', '2020-06-15 12:21:05'),
(31, 'General Administration Dept', '2020-06-15 12:21:05', '2020-06-15 12:21:05'),
(32, 'Government House', '2020-06-15 12:21:05', '2020-06-15 12:21:05'),
(33, 'Government Printing Press', '2020-06-15 12:21:05', '2020-06-15 12:21:05'),
(34, 'Governor\'s Office', '2020-06-15 12:21:05', '2020-06-15 12:21:05'),
(35, 'Health (ONCHOCERCIASIS)', '2020-06-15 12:21:05', '2020-06-15 12:21:05'),
(36, 'HIV/AIDS CONTROL', '2020-06-15 12:21:05', '2020-06-15 12:21:05'),
(37, 'Hospital Management Board', '2020-06-15 12:21:05', '2020-06-15 12:21:05'),
(38, 'House Of Assembly', '2020-06-15 12:21:05', '2020-06-15 12:21:05'),
(39, 'House Of Assembly Service Commission', '2020-06-15 12:21:05', '2020-06-15 12:21:05'),
(40, 'Housing Corporation', '2020-06-15 12:21:05', '2020-06-15 12:21:05'),
(41, 'Internal Revenue Service', '2020-06-15 12:21:05', '2020-06-15 12:21:05'),
(42, 'Job Creation & Employment Agency', '2020-06-15 12:21:05', '2020-06-15 12:21:05'),
(43, 'Judiciary', '2020-06-15 12:21:05', '2020-06-15 12:21:05'),
(44, 'Kero Direct Agency', '2020-06-15 12:21:05', '2020-06-15 12:21:05'),
(45, 'Liaison Office -Abuja', '2020-06-15 12:21:05', '2020-06-15 12:21:05'),
(46, 'LIAISON OFFICE AKURE', '2020-06-15 12:21:05', '2020-06-15 12:21:05'),
(47, 'Liaison Office -Lagos', '2020-06-15 12:21:05', '2020-06-15 12:21:05'),
(48, 'Library Board', '2020-06-15 12:21:05', '2020-06-15 12:21:05'),
(49, 'Local Government Service Commission', '2020-06-15 12:21:05', '2020-06-15 12:21:05'),
(50, 'Malaria Control Unit', '2020-06-15 12:21:05', '2020-06-15 12:21:05'),
(51, 'Micro Credit Agency', '2020-06-15 12:21:05', '2020-06-15 12:21:05'),
(52, 'Millennium Development Goal', '2020-06-15 12:21:05', '2020-06-15 12:21:05'),
(53, 'Ministry Of Agric.', '2020-06-15 12:21:05', '2020-06-15 12:21:05'),
(54, 'Ministry Of Arts & Culture', '2020-06-15 12:21:05', '2020-06-15 12:21:05'),
(55, 'Ministry Of Budget & Economic Planning', '2020-06-15 12:21:05', '2020-06-15 12:21:05'),
(56, 'Ministry of Commerce', '2020-06-15 12:21:05', '2020-06-15 12:21:05'),
(57, 'Ministry Of Education', '2020-06-15 12:21:05', '2020-06-15 12:21:05'),
(58, 'Ministry Of Environment', '2020-06-15 12:21:05', '2020-06-15 12:21:05'),
(59, 'Ministry Of Finance', '2020-06-15 12:21:05', '2020-06-15 12:21:05'),
(60, 'Ministry Of Health', '2020-06-15 12:21:05', '2020-06-15 12:21:05'),
(61, 'Ministry of Information', '2020-06-15 12:21:05', '2020-06-15 12:21:05'),
(62, 'political & Economic Dept', '2020-06-15 12:21:05', '2020-06-15 12:21:05'),
(63, 'Ministry Of Justice', '2020-06-15 12:21:05', '2020-06-15 12:21:05'),
(64, 'BUREAU OF PRODUCTIVITY AND EMPOWERMENT', '2020-06-15 12:21:05', '2020-06-15 12:21:05'),
(65, 'Ministry Of Rural Developmennt', '2020-06-15 12:21:05', '2020-06-15 12:21:05'),
(66, 'Ministry Of Special Duties', '2020-06-15 12:21:05', '2020-06-15 12:21:05'),
(67, 'Ministry Of Urban & Regional Planning', '2020-06-15 12:21:05', '2020-06-15 12:21:05'),
(68, 'Ministry of Women Affairs', '2020-06-15 12:21:05', '2020-06-15 12:21:05'),
(69, 'Muslim Pilgrim Welfare Board', '2020-06-15 12:21:05', '2020-06-15 12:21:05'),
(70, 'Office of Auditor General for Local Govt.', '2020-06-15 12:21:05', '2020-06-15 12:21:05'),
(71, 'Office of Chief of Staff', '2020-06-15 12:21:05', '2020-06-15 12:21:05'),
(72, 'Office Of Establishment', '2020-06-15 12:21:05', '2020-06-15 12:21:05'),
(73, 'Office of Head of Service', '2020-06-15 12:21:05', '2020-06-15 12:21:05'),
(74, 'Office of Secretary to the State Government', '2020-06-15 12:21:05', '2020-06-15 12:21:05'),
(75, 'Office Of Surveyor General', '2020-06-15 12:21:05', '2020-06-15 12:21:05'),
(76, 'Brueau Of Transformation', '2020-06-15 12:21:05', '2020-06-15 12:21:05'),
(77, 'Pension Commission', '2020-06-15 12:21:05', '2020-06-15 12:21:05'),
(78, 'Petroleum Product Regulatory Agency', '2020-06-15 12:21:05', '2020-06-15 12:21:05'),
(79, 'Primary Health Care Agency', '2020-06-15 12:21:05', '2020-06-15 12:21:05'),
(80, 'Produce Unit', '2020-06-15 12:21:05', '2020-06-15 12:21:05'),
(81, 'Project Monitoring Committee', '2020-06-15 12:21:05', '2020-06-15 12:21:05'),
(82, 'RURAL WATER SANITATION ', '2020-06-15 12:21:05', '2020-06-15 12:21:05'),
(83, 'SA Political', '2020-06-15 12:21:05', '2020-06-15 12:21:05'),
(84, 'SACA', '2020-06-15 12:21:05', '2020-06-15 12:21:05'),
(85, 'Scholarship Board', '2020-06-15 12:21:05', '2020-06-15 12:21:05'),
(86, 'School Enterprise', '2020-06-15 12:21:05', '2020-06-15 12:21:05'),
(87, 'SCISTOSOMIASIS Control Unit', '2020-06-15 12:21:05', '2020-06-15 12:21:05'),
(88, 'Seri Culture Unit', '2020-06-15 12:21:05', '2020-06-15 12:21:05'),
(89, 'Sports Council', '2020-06-15 12:21:05', '2020-06-15 12:21:05'),
(90, 'SSA Ministry Resources/Elder Matters', '2020-06-15 12:21:05', '2020-06-15 12:21:05'),
(91, 'State Emergency Mgt Agency', '2020-06-15 12:21:05', '2020-06-15 12:21:05'),
(92, 'State Environmental Protection Agency', '2020-06-15 12:21:05', '2020-06-15 12:21:05'),
(93, 'State Independence Electoral Commission', '2020-06-15 12:21:05', '2020-06-15 12:21:05'),
(94, 'State Universal Basic Education Board', '2020-06-15 12:21:05', '2020-06-15 12:21:05'),
(95, 'Teaching Service Commission', '2020-06-15 12:21:05', '2020-06-15 12:21:05'),
(96, 'TECHNICAL COLLEGE', '2020-06-15 12:21:05', '2020-06-15 12:21:05'),
(97, 'Tree Crop Unit', '2020-06-15 12:21:05', '2020-06-15 12:21:05'),
(98, 'URBAN RENEWAL AGENCY', '2020-06-15 12:21:05', '2020-06-15 12:21:05'),
(99, 'Utility Services', '2020-06-15 12:21:05', '2020-06-15 12:21:05'),
(100, 'Waste Management Board', '2020-06-15 12:21:05', '2020-06-15 12:21:05'),
(101, 'Water Corporation', '2020-06-15 12:21:05', '2020-06-15 12:21:05'),
(102, 'Ministry of Aviation', '2020-06-15 11:21:39', '2020-06-15 11:21:39');

-- --------------------------------------------------------

--
-- Table structure for table `migrations`
--

CREATE TABLE `migrations` (
  `id` int(10) UNSIGNED NOT NULL,
  `migration` varchar(191) COLLATE utf8mb4_unicode_ci NOT NULL,
  `batch` int(11) NOT NULL
) ENGINE=MyISAM DEFAULT CHARSET=utf8mb4 COLLATE=utf8mb4_unicode_ci;

--
-- Dumping data for table `migrations`
--

INSERT INTO `migrations` (`id`, `migration`, `batch`) VALUES
(1, '2014_10_12_000000_create_users_table', 1),
(2, '2019_08_19_000000_create_failed_jobs_table', 1),
(3, '2020_05_23_033929_create_assets_table', 1),
(4, '2020_05_23_034122_create_custodians_table', 1),
(5, '2014_10_12_100000_create_password_resets_table', 2),
(6, '2020_05_23_122122_create_disposes_table', 2),
(7, '2020_06_14_092824_create_reassignedasset_table', 3),
(8, '2020_06_14_122014_create_reassigneds_table', 4);

-- --------------------------------------------------------

--
-- Table structure for table `office`
--

CREATE TABLE `office` (
  `id` int(20) NOT NULL,
  `office` varchar(255) NOT NULL
) ENGINE=InnoDB DEFAULT CHARSET=latin1;

--
-- Dumping data for table `office`
--

INSERT INTO `office` (`id`, `office`) VALUES
(1, 'DEPUTY ACCT. GENERAL(MGT SERVICES)'),
(2, 'DAG(MGT SERVICES) ANTEROOM'),
(3, 'DEPUTY DIRECTOR(MGT SERVICES)'),
(4, 'ACCOUNTANT GEN.(ANTEROOM)'),
(5, 'WAITING ROOM'),
(6, 'JAAC OFFICE'),
(7, 'RECONCILIATION UNIT'),
(8, 'DEP. ACCT. GENERAL(FUNND MGT) OFFICE'),
(9, 'FUND MGT. ANTEROOM'),
(10, 'DEPUTY DIRECTOR(FUND MGT.)'),
(11, 'TREASURY CASH OFFICE'),
(12, 'CONTRACT UNIT, FUND MANAGEMENT DEPARTMENT'),
(13, 'SUBSIDIARY UNIT'),
(14, 'INTERNAL UNIT'),
(15, 'DEPARTMENT VOTE EXPENDITURE ACCT'),
(16, 'CHEQUE ROOM/CASHIER OF THE STATE'),
(17, 'REGISTRY'),
(18, 'COMPUTER UNIT(ROOM1)'),
(19, 'COMPUTER UNIT(ROOM2)'),
(20, 'COMPUTER UNIT(ROOM3)'),
(21, 'CENTRAL PAY OFFICE'),
(22, 'CENTRAL PAY OFFICE(ROOM1)'),
(23, 'CENTRAL PAY OFFICE(ROOM2)'),
(24, 'CENTRAL PAY OFFICE(ROOM3)'),
(25, 'PM\'S OFFICE'),
(26, 'MAINTENANCE UNIT'),
(27, 'STORE UNIT'),
(28, 'SECRETARY TO DAG'),
(29, 'DAG'),
(30, 'TOILET'),
(31, 'PASSAGE TO MAINTENANCE UNIT'),
(32, 'PAYMENT REQUEST FORM'),
(33, 'ACCOUNTANT GENERAL\'S OFFICE'),
(34, 'DIRECT BANK LODGEMENT SYSTEM'),
(35, 'DEPUTY ACCT GENERAL(MAIN ACCT.)'),
(36, 'DEPUTY ACCT GEN(MAIN ACCT.)ANTEROOM'),
(37, 'SUBSIDIARY OFFICE/DEPT'),
(38, 'DEPUTY DIRECTOR(MAIN ACCOUNT)'),
(39, 'MAIN ACCOUNTS OFFICE'),
(40, 'AUDIT'),
(41, 'PASSAGE'),
(42, 'ADMINISTRATIVE SECRETARY'),
(43, 'ADMINISTRATIVE SECRETARY, ANTEROOM'),
(44, 'DIR. CONTINUOUS EDUCATION DEPT'),
(45, 'DIR. CONTINUOUS EDUCATION DEPT, ANTEROOM'),
(46, 'DIR. PLANNING RESEARCH DEPT'),
(47, 'ACTION ADMINISTRATIVE SECRETARY'),
(48, 'ACTION ADMINISTRATIVE SECRETARY, ANTEROOM'),
(49, 'DEPUTY, CONTINUOUS EDUCATION DEPT'),
(50, 'DIR. MASS LITERACY CONTINUOUS EDUCATION DEPT'),
(51, 'DIR. MASS LITERACY CONT EDUC DEPT,WAITING ROOM'),
(52, 'DFA\'S OFFICE'),
(53, 'ACCOUNT OFFICE'),
(54, 'DAS OFFICE'),
(55, 'DAS SEC. OFFICE'),
(56, 'INTERNAL AUDITOR OFFICE'),
(57, 'REGISTRY OFFICE'),
(58, 'AGENCY HALL'),
(59, 'Agency For Adult Education'),
(60, 'ADP ARAMOKO(ZONAL DIRECTOR OFFICE)'),
(61, 'ADP ARAMOKO(SECRETARY OFFICE)'),
(62, 'ADP ARAMOKO(PROJECT MATTER, SPECIALIST OFFICE)'),
(63, 'ADP ARAMOKO(ADMIN OFFICE)'),
(64, 'ADP ARAMOKO(ZONAL EXTENSION OFFICE)'),
(65, 'ADP IJERO EKITI'),
(66, 'ADP IKERE EKITI, ZONAL OFFICE- ADMIN'),
(67, 'ADP IKERE EKITI, ZONAL OFFICE- ADMIN ROOM II'),
(68, 'ADP IKERE EKITI, ZONAL OFFICE- DIRECTOR\'S OFFICE'),
(69, 'ADP IYE EKITI'),
(70, 'ADP IKOLE EKITI, ZONAL DIRECTOR\'S OFFICE'),
(71, 'ADP IKOLE EKITI, SECRETARY\'S OFFICE'),
(72, 'ADP IKOLE EKITI, COOPERATIVE OFFICE'),
(73, 'ADP IKOLE EKITI, ICT DEPT'),
(74, 'ADP ISAN EKITI, PROGRAM MANAGER OFFICE'),
(75, 'ADP ISAN EKITI, PROGRAM MANAGER ANTEROOM'),
(76, 'ADP ISAN EKITI, D A / DRID OFFICE'),
(77, 'ADP ISAN EKITI, DPM&E/DAES OFFICE'),
(78, 'ADP ISAN EKITI, DFA\'S OFFICE'),
(79, 'ADP ISAN EKITI, DFA\'S ANTEROOM'),
(80, 'ADP ISAN EKITI, ACCOUNT SECTION'),
(81, 'ADP ISAN EKITI, DATS & DES'),
(82, 'Agric Development Programme-ISAN'),
(83, 'ADP IKERE EKITI, FORTHNIGHT TRAINING HALL'),
(84, 'ADP IKERE EKITI, CLERK OFFICE'),
(85, 'ADP IKERE EKITI, ZONAL EXTENSION OFFICE '),
(86, 'ADP IKERE EKITI, KITCHEN'),
(87, 'ADP IKERE EKITI, COMPUTER ROOM'),
(88, 'ADP IKERE EKITI, ADP BLOCK OFFICE '),
(89, 'ADP OMUO EKITI'),
(90, 'ADP IDO EKITI'),
(91, 'ADP IKOLE EKITI, ZONAL EXTENSION OFFICE'),
(92, 'ADP IKOLE EKITI, GARRI PROCESSING SECTION'),
(93, 'ADP IKOLE EKITI, PRINTING UNIT-HEAD OF UNIT OFFICE'),
(94, 'ADP IKOLE EKITI, PRINTING UNIT-LITHOGRAPHY SECTION'),
(95, 'ADP IKOLE EKITI, PRINTING UNIT-FINISHING SECTION'),
(96, 'ADP IKOLE EKITI, PRINTING UNIT-PRESS OFFICE'),
(97, 'ADP IKOLE EKITI'),
(98, 'ADP IKOLE EKITI, STORE'),
(99, 'ADP IKOLE EKITI, OPEN REGISTRY'),
(100, 'ADP IKOLE EKITI, HALL'),
(101, 'ADP IKOLE EKITI, POULTRY'),
(102, 'ADP IKOLE EKITI, ENGINEERING UNIT'),
(103, 'TRACTOR UNIT'),
(104, 'TRACTOR UNIT IJERO EKITI'),
(105, 'TRACTOR UNIT IKOLE EKITI'),
(106, 'PRINCIPAL EXECUTIVE OFFICE OUT STATION'),
(107, 'DIRECTOR OUTSTANDING OFFICE DOS'),
(108, 'DOS OFFICE '),
(109, 'SECRETARY TO DOS OFFICE'),
(110, 'PENSION OFFICE'),
(111, 'DIRCETOR OF ACCOUNT OFFICE'),
(112, 'PAY MASTER\'S OFFICE'),
(113, 'VEHICLES'),
(114, 'OPEN REGISTRY'),
(115, 'ACCOUNT OFFICE 1'),
(116, 'ACCOUNT OFFICE 2'),
(117, 'ACCOUNT OFFICE 3'),
(118, 'ACCOUNT OFFICE 4'),
(119, 'ACCOUNT OFFICE 5'),
(120, 'ACCOUNT OFFICE 6'),
(121, 'ACCOUNT OFFICE 7'),
(122, 'ACCOUNT OFFICE 8'),
(123, 'ACCOUNT OFFICE 9'),
(124, 'ACCOUNT OFFICE 10'),
(125, 'ACCOUNT OFFICE 11'),
(126, 'ACCOUNT OFFICE 12'),
(127, 'ACCOUNT OFFICE 13'),
(128, 'ACCOUNT OFFICE 14'),
(129, 'ACCOUNT OFFICE 15'),
(130, 'ACCOUNT OFFICE 16'),
(131, 'DIRECTOR GOVT ACCOUNT OFFICE'),
(132, 'SEC TO DOS'),
(133, 'SEC TO DIRECTOR CO-OPERATION'),
(134, 'DIRECTOR TO CO-OPERATION'),
(135, 'SECRETARY OFFICE'),
(136, 'DIRECTOR GOVT ACCCOUNT 11'),
(137, 'DIRECTOR GOVT ACCCOUNT '),
(138, 'DEPUTY DIRECTOR GOVT ACCOUNT 11'),
(139, 'DEPUTY DIRECTOR GOVT ACCOUNT 12'),
(140, 'DEPUTY DIRECTOR GOVT ACCOUNT 13'),
(141, 'DEPUTY DIRECTOR GOVT ACCOUNT 14'),
(142, 'DEPUTY DIRECTOR GOVT ACCOUNT 15'),
(143, 'DEPUTY DIRECTOR GOVT ACCOUNT 16'),
(144, 'DEPUTY DIRECTOR GOVT ACCOUNT 17'),
(145, 'DEPUTY DIRECTOR GOVT ACCOUNT 1'),
(146, 'DIR OF MONITROING PROJECT& EVALUATION'),
(147, 'DEPUTY DIRECTOR GOVT ACCOUNT 2'),
(148, 'DEPUTY DIRECTOR GOVT ACCOUNT 3'),
(149, 'DEPUTY DIRECTOR GOVT ACCOUNT 4'),
(150, 'DEPUTY DIRECTOR GOVT ACCOUNT 5'),
(151, 'DEPUTY DIRECTOR GOVT ACCOUNT 6'),
(152, 'DEPUTY DIRECTOR GOVT ACCOUNT 7'),
(153, 'DEPUTY DIRECTOR {HQS}'),
(154, 'MONITORING &PROJECT EVALUATION OFFICE'),
(155, 'SECRETARY TO DIR'),
(156, 'ANTE ROOM  TO DIR'),
(157, 'INTERNET ROOM'),
(158, 'AUDITOR GENERAL OFFICE'),
(159, 'AUDITOR GENERAL\'S OFFICE'),
(160, 'SECRETARY TO AUDITOR GENERAL'),
(161, 'ADO OFFICE B/S INTERNAL REVENUE'),
(162, 'DEPUTY DIR CO-OPERATION & GOVT AGENCY'),
(163, 'AUGO IDO EKITI, PRINCIPAL EXECUTIVE OFFICER'),
(164, 'STAFF ROOM-IKERE'),
(165, 'AUDITOR GENERAL\'S OFFICE, ARAMOKO EKITI'),
(166, 'AUDITOR GENERAL\'S OFFICE, IJERO EKITI'),
(167, 'DEPUTY DIR.OFFICE-IKERE'),
(168, 'PA OFFICE -IKERE'),
(169, 'AUDITOR GENERAL\'S OFFICE IKOLE EKITI'),
(170, 'PROJECT OFFICE'),
(171, 'ASS. CHIEF EXECUTIVE OFFICER'),
(172, 'DAS, ANTEROOM'),
(173, 'STORE'),
(174, 'DIRECTOR, PROGRAMME DEPT'),
(175, 'DPD, ANTEROOM'),
(176, 'CHAIRMAN\'S ANTEROOM'),
(177, 'CHAIRMAN\'S OFFICE'),
(178, 'ACCOUNT SECTION'),
(179, 'DFA'),
(180, 'AUDITOR\'S OFFICE'),
(181, 'ADMIN SECRETARY, ANTEROOM'),
(182, 'ADMIN SECRETARY'),
(183, 'DPRS OFFICE'),
(184, 'DPRS ANTEROOM'),
(185, 'DIR. EVELUATION & STANDARD'),
(186, 'DES, ANTEROOM'),
(187, 'DIR. CORPORATE AFFAIRS'),
(188, 'DCA, ANTEROOM'),
(189, 'DEP. PLANNING RESEARCH&STATISTICS'),
(190, 'SECETARY OFFICE-ANTE ROOM'),
(191, 'SECETARY OFFICE'),
(192, 'EKTV TRANSMITTER ROOM'),
(193, 'F.M MASTER CONTROL ROOMF.M 91.5 STATION'),
(194, 'CONTINUITY STUDIOF.M 91.5 STATION'),
(195, 'F.M TRANSMITTER ROOMF.M 91.5 STATION'),
(196, 'OFFICE IF.M 91.5 STATION'),
(197, 'OFFICE IIF.M 91.5 STATION'),
(198, 'RECORDING STUDIOF.M 91.5 STATION'),
(199, 'GENERAL MANAGER\'S OFFICE(F.M)F.M 91.5 STATION'),
(200, 'GENERAL MANAGER\'S (F.M) ANTEROOMF.M 91.5 STATION'),
(201, 'EDITING ROOM'),
(202, 'RADIO NEWS ROOM'),
(203, 'BSES LIBRARY'),
(204, 'RECEPTIONF.M 91.5 STATION'),
(205, 'ELECTRICAL/ELECTRONICS WORKSHOP'),
(206, 'EKTV NEWSROOM'),
(207, 'GENERATOR ROOM I'),
(208, 'TRANSMITTER OFFICE'),
(209, 'DIR. OF NEWS&CURRENTS AFFAIRS'),
(210, 'DIRECTOR ENGINEERING SERVICE'),
(211, 'TRANSMITTER ROOM & STUDIO'),
(212, 'NEWS ROOM'),
(213, 'DIRECTOR GENERAL, ANTEROOM'),
(214, 'DIRECTOR GENERAL OFFICE ADMIN DEPT'),
(215, 'CONFERENCE ROOM'),
(216, 'GENERAL MANAGER\'S OFFICE'),
(217, 'COMMERCIAL ROOM'),
(218, 'GENERAL MANAGER\'S SECRETARY (F.M)  91.5 FM'),
(219, 'GENERAL MANAGER\'S SECRETARY 91.5 FM'),
(220, 'ACCOUNT(FINANCE&ACCOUNT)  91.5 FM'),
(221, 'DAS SECRETARY  91.5 FM'),
(222, 'DAS OFFICE  91.5 FM'),
(223, 'ACCOUNT DEPT  91.5 FM'),
(224, 'DIRECTOR PLANNING'),
(225, 'SECRETARY TO DIRECTOR PLANNING'),
(226, 'DIRECTOR ENGINEERING'),
(227, 'SECRETARY TO THE DIRECTOR ENGINEERING'),
(228, 'SECRETARY TO DIRECTOR ENGINEERING'),
(229, 'COMMERCIAL DEPT(RADIO'),
(230, 'SECRETARY TO DFA (RADIO)'),
(231, 'AUDITOR\'S OFFICE(RADIO'),
(232, 'COOPERATE AFFAIRS OFFICE(RADIO'),
(233, 'SALARY UNIT(RADIO'),
(234, 'SECURITY POST'),
(235, 'CORE ADMIN'),
(236, 'PROGRAMMES DEPT'),
(237, 'GENERAL ADMIN'),
(238, 'CONFIDENTIAL REGISTRY'),
(239, 'ADMIN STAFF(TELEVISION)'),
(240, 'ACCOUNT SECTION(TELEVISION)'),
(241, 'BSE IFAKI EKITI, TRANSMITTER HALL'),
(242, 'BSE IFAKI EKITI OFFICE'),
(243, 'BSE IFAKI EKITI, STATION MANAGER ROOM'),
(244, 'BSE IFAKI EKITI, LIBRARY'),
(245, 'BSE IFAKI EKITI, ROOM II'),
(246, 'BSE IFAKI EKITI, RECORDING STATION ROOM'),
(247, 'SEO Ministry of Local Govt'),
(248, 'DIRECTOR OF Ministry of Local Govt'),
(249, 'SEC ANTE ROOM Ministry of Local Govt'),
(250, 'OPEN REGISTRY OF Ministry of Local Govt'),
(251, 'PEO OFFICE OF Ministry of Local Govt'),
(252, 'SAS Ministry of Local Govt'),
(253, 'SPECIAL ADVICER ON CHIEFTAINCY AFFAIRS'),
(254, 'SEC ANTE ROOM BUREAU OF S.A BEA OF CHIEF.'),
(255, 'ACCOUNT OFFFICE Ministry of Local Govt'),
(256, 'AUDITOR OFFFICE Ministry of Local Govt'),
(257, 'VEHICLE OF Ministry of Local Govt'),
(258, 'VEHICLE'),
(260, 'BUREAU OF LOCAL GOVERNMENT'),
(261, 'APPLICATIONS SECTION'),
(262, 'ANTE ROOM'),
(263, 'PROJECT DEPT OFFICE'),
(264, 'ADMIN SECTION'),
(265, 'CUSTOMER CARE DEPT'),
(266, 'DIRECTORS OFFICE'),
(267, 'Brueau Of TransformationR ROOM'),
(268, 'DG OFFICE'),
(269, 'DATA CENTER Brueau Of TransformationR ROOM'),
(270, 'CUSTOMER CARE 2ND OFFICE'),
(271, 'DG ICT\'S OFFICE'),
(272, 'Bureau of Info.& Comm.Tech.'),
(273, 'DPR&S'),
(274, 'DPR&S Ante room'),
(275, 'Ante room DPR&S'),
(276, 'DAS Ante room'),
(277, 'SA Ante room'),
(278, 'SA (BOI)'),
(279, 'BOI (AUDIT)'),
(280, 'BOI (ACCOUNT DFA)'),
(281, 'ANTEE ROOM (DFA)'),
(282, 'PS (ANTE ROOM)'),
(283, 'PS ANTE ROOM'),
(284, 'PS OFFICE'),
(285, 'CORRIDOR'),
(286, 'PS CAR'),
(287, 'DPRS&S'),
(288, 'UTILITY VEHICLE'),
(289, 'UTILITY VEHICLE SA'),
(290, 'BUILDING'),
(291, 'ANTE ROOM PS OFFICE'),
(292, 'PERM SECRETARY\'S OFFICE'),
(293, 'DIRECTOR\'S OFFICE LANDS'),
(294, 'ANTE ROOM TO THE DIRECTOR'),
(295, 'LAND OFFICER\'S OFFICE'),
(296, 'DIRECTOR\'S LAND USE AND ALLOCATION'),
(297, 'OFFICE OF DIRECTOR (DEEM RIGHT)'),
(298, 'DEED REGISTRY'),
(299, 'STUDIO ROOM'),
(300, 'DEEM RIGHT/AQUISTION'),
(301, 'ADMIN DEPARTMENT'),
(302, 'DEPT OF PLANNING, RESEAR & STAT'),
(303, 'ADMINISTRATIVE OFFICE'),
(304, 'SEC OFFICE'),
(305, 'REG/SEC OFFICE'),
(306, 'ELECTRICAL DEPT'),
(307, 'ADMINISTRATIVE OFFICE EXT'),
(308, 'MECHANICAL DEPT ROOM'),
(309, 'QUANTITY SURVEYOR DEPT'),
(310, 'CIVIL ENGINEERING DEPT'),
(311, 'DIRECTOR PROJECT EVALUATION OFFICE'),
(312, 'DIRECTOR GENERAL\'S OFFICE'),
(313, 'DG\'S ANTE-ROOM'),
(314, 'BOPP'),
(315, 'MUTUAL HOUSE (BOPP)'),
(316, 'MAIN OFFICE'),
(317, 'DFA\'S'),
(318, 'PA TO SPECIAL ADVISOR SPECIAL PRJ'),
(319, 'SPECIAL ADVISOR\'S OFFICE'),
(320, 'RECEPTION'),
(321, 'ASST SECRETARY\'S OFFICE'),
(322, 'SECRETARY\'S OFFICE'),
(323, 'Ministry of Works & TransportationS'),
(324, 'STATISCIAN GENERAL\'S OFFICE'),
(325, 'STATISCIAN GENERAL\'S OFFICE ANTEROOM'),
(326, 'DIR. RESEARCH METHODOLOGY&STATISTICS'),
(327, 'DIR. SOCIAL ECONOMICS&STATISTICS'),
(328, 'STATISTICIAN\'S OFFICE'),
(329, 'DATA BANK OFFICE'),
(330, 'HIGHER STATISCIAN OFFICER'),
(331, 'CHIEF STATISTICAL OFFICER'),
(332, 'MUTUAL HOUSE'),
(333, 'DIRECTOR\'S OFFICE'),
(334, 'CENTRAL OFFICE'),
(335, 'ANTIE G.M\'S OFFICE'),
(336, 'HOSPITALITY UNIT'),
(337, 'GM\'S OFFICE'),
(338, 'FAJUYI PARK'),
(339, 'PERM. SECT OFFICE'),
(340, 'PERM. SECT OFFICE/ASST'),
(341, 'D/C'),
(342, 'D/C-A'),
(343, 'PAS/C'),
(344, 'CEO/C'),
(345, 'PS'),
(346, 'REG/CA'),
(347, 'D/SS'),
(348, 'DSS/A'),
(349, 'SAS(SS)'),
(350, 'SAS/A'),
(351, 'REG/SS'),
(352, 'SAS/CA'),
(353, 'SAS/CA/A'),
(354, 'DPA/C'),
(355, 'DFA/A'),
(356, 'ACCT/CAB'),
(357, 'EXCO CHAMBER'),
(358, 'SECRETARY TO PILGRIMAGE BOARD'),
(359, 'PRINCIPAL EXECUTIVE OFFICER'),
(360, 'P.E.O OFFFICE (2ND ROOM)'),
(361, 'DFA(CPWB)'),
(362, 'SEC TO THE REGISTRY'),
(363, 'DIRECTOR ADMIN & SUPPLY '),
(364, 'DAS ANTE-ROOM'),
(365, 'ANTE-ROOM OF COMMISSIONER II OFFICE'),
(366, 'COMMISIONER II CORE OFFICE'),
(367, 'COMMISIONER III ANTE-ROOM'),
(368, 'COMMISIONER III CORE OFFICE'),
(369, 'ANTE-ROOM OF COMMISSIONER IV'),
(370, 'CORE OFFICE OF COMM IV OFFICE'),
(371, 'PERM SEC ANTE-ROOM'),
(372, 'PERM SEC CORE OFFICE'),
(373, 'VISITORS ROOM CHAIRMAN'),
(374, 'CHAIRMAN ANTE ROOM'),
(375, 'CHIARMAN OFFICE'),
(376, 'PAY MASTER OFFICE'),
(377, 'ACCOUNTANT ANTE-ROOM'),
(378, 'ACCOUNTANT CORE OFFICE'),
(379, 'PLANNING,RESEARCH & STATISTICS DEPT ANTE ROOM'),
(380, 'PRS CORE OFFICE'),
(381, 'ANTE-ROOM SENIOR ADMIN SEC PERSONEL'),
(382, 'PARTITIONED OFFICE PERSONEL'),
(383, 'DIRECTOR PERSONEL ANTE ROOM'),
(384, 'DRIVER OFFICE'),
(385, 'AUDITOR OFFICE'),
(386, 'DIRECTOR PERSONEL'),
(387, 'DIRECTOR APPOINTMENT ANTE ROOM'),
(388, 'SENIOR ASS SECETARY'),
(389, 'APPOINTMENT REGISTRY'),
(390, 'PLENARY ROOM'),
(391, 'OFFICE ATTACHED TO PLENARY'),
(392, 'ASST. CHIEF EXEC. OFFICER (ADMIN & SUPPLY)'),
(393, 'CARS INVENTORY'),
(394, 'DFA(D/GOV OFFICE)'),
(395, 'SA, PARTY(D/GOV)'),
(396, 'CHIEF DETAIL TO D/GOV'),
(397, 'DCOS OFFICE'),
(398, 'OTHER CHARGES'),
(399, 'SUPPORTING STAFF OFFICE'),
(400, 'SA(D/GOV)(ANTEROOM)'),
(401, 'SA(D/GOV)'),
(402, 'D/GOV-PA'),
(403, 'PM OFFICE'),
(404, 'D/GOV(SECRETARY\'S OFFICE)'),
(405, 'DEPUTY GOVERNOR\'S OFFICE'),
(406, 'DEPUTY GOVERNOR\'S B/ROOM'),
(407, 'RECEPTION(D/GOV)'),
(408, 'REGISTRY DGO'),
(409, 'SA(Domestic/PAS Office'),
(410, 'SEC, BUREAU OF STRATEGIC COMM'),
(411, 'CONFERENCE HALL'),
(412, 'CORRIDOR-2ND FLOOR'),
(413, 'MALE TOILET 2ND FLOOR'),
(414, 'PERSONNEL OFFICE'),
(415, 'DAS(ANTEROOM)'),
(416, 'PS(ANTEROOM)'),
(417, 'DG(BUREAU OF STRATEGIC COMM)'),
(418, 'CILVANISER UNIT'),
(419, 'TOILET GROUND FLOOR'),
(420, 'PUBLIC PRIVATE PARTNERSHIP'),
(421, 'PPP(ANTEROOM)'),
(422, 'DAS(PPP)'),
(423, 'SSTA9LEGAL/FINANCE)'),
(424, 'PRESS OFFICE'),
(425, 'SSA MEDIA'),
(426, 'SSA MEDIA(SUPPORTING STAFF'),
(427, 'SECURITY OFFICE'),
(428, 'CORRIDOR-GROUNDFLOOR'),
(429, 'D/GOV-Brueau Of TransformationR ROOM'),
(430, 'RECEPTION(GROUND FLOOR)'),
(431, 'DRIVERS COMMON ROOM'),
(432, 'DCOP/DOP(ANTEROOM)'),
(433, 'DCOP/DOP'),
(434, 'DOP'),
(435, 'CANTEEN'),
(436, 'PROTOCOL\'S OFFICE'),
(437, 'CONTROL ROOM'),
(438, 'SALARY SECTION'),
(439, 'SECURITY(PA)'),
(440, 'ADMIN/PRS OFFICE'),
(441, 'ADMIN SECRETARY\'S OFFICE'),
(442, 'EDUCATION ENDOWMENT'),
(443, 'AS ANTE-ROOM'),
(444, 'DFA OFFICE'),
(445, 'ANTI ROOM DFA'),
(446, 'AUDITOR OPERATOR UNIT'),
(447, 'PASSAGE ITEMS'),
(448, 'CHIEF INTERNAL CONTROL&AUDIT'),
(449, 'ASSISTANT CHIEF EXECUTIVE OFFICER'),
(450, 'LOGISTIC SECTION'),
(451, 'SECRETARY TO DG'),
(452, 'UNDER SECRETARY OFFICE'),
(453, 'TECHNICAL ADVISER TO MR GOV. ON EED'),
(454, 'MOTORS & MOTORCYCLES'),
(455, 'MOTORCYCLES'),
(456, 'VISITOR\'S ROOM'),
(457, 'FIRE PREVENTING OFFICE'),
(458, 'LECTURE ROOM'),
(459, 'DDF\'S OFFICE'),
(460, 'OPERATIONAL'),
(461, 'ADMIN OFFICE'),
(462, 'OPEN OFFICE 2'),
(463, 'ESFS IKOLE EKITI, ZONAL COMMANDER\'S OFFICE'),
(464, 'OPEN OFFICE 1'),
(465, 'ESFS IKOLE EKITI, CONTROL ROOM'),
(466, 'ESFS IKOLE EKITI, OFFICER IN CHARGE OFFICE'),
(467, 'ESFS IKOLE EKITI, MEN DORMITORY'),
(468, 'ESFS IKOLE EKITI, STORE'),
(469, 'ESFS IKOLE EKITI, QUARTERS'),
(470, 'ESFS IKERE EKITI, CONTROL ROOM'),
(471, 'ESFS IKERE EKITI, OFFICER IN CHARGE'),
(472, 'ESFS IKERE EKITI, 2.I.C'),
(473, 'ESFS IDO EKITI'),
(474, 'OLD GOVERNOR\'S OFFICE COMPLEX'),
(475, 'GENERAL\'S MANAGER OFFICE'),
(476, 'DIRECTOR OF OPERATION OFFICE'),
(477, 'DUTY ROOM'),
(478, 'VEHICLE INVENTORY'),
(479, 'Ministry of Works & Transportation AGENCY'),
(480, 'GENERAL MANAGER OFFICE'),
(481, 'GM ANTE ROOM'),
(482, 'DIRECTOR ADMIN & SUPPLY OFFICE'),
(483, 'ADMIN & SUPPLY'),
(484, 'ADMIN EXTENSION/RECEPTION'),
(485, 'AUDIT UNIT'),
(486, 'DIRECTOR OFFICE'),
(487, 'PLANNING & DESIGN SUPERVISION'),
(488, 'CHAIRMANS EXTENTION'),
(489, 'CHAIRMANS CORE OFFICE'),
(490, 'PUBLIC RELATION OFFICER'),
(491, 'GENERATORS POWER SECTION'),
(492, 'ELETRICITY BOARD'),
(493, 'GOVERNMENT HOUSE'),
(494, 'FIRST LADY OFFICE'),
(495, 'PRESIDENTIAL LODGE'),
(496, 'GOVERNOR & DEPUTY GOV OFFICE'),
(497, 'ANTE ROOM TO DASS'),
(498, 'ADMINISTRATIVE SECETARY OFFICE'),
(499, 'COMMISIONER OFFICE PLANING RESEARCH & STATISTICS'),
(500, 'ANTE-ROOM TO CHAIRMANS OFFICE'),
(501, 'DIRECTOR OF FINANCE & ACCOUNT'),
(502, 'COMMISIONER FINANCE, ACCOUNT AND PUBLICITY OFFICE'),
(503, 'FORESTRY UNIT IJERO EKITI'),
(504, 'FU IKERE EKITI'),
(505, 'FU IKERE EKITI, DEPUTY DIRECOR\'S OFFICE'),
(506, 'FORESTRY UNIT ISE EKITI'),
(507, 'FU AISEGBA EKITI, HIGHER FORESTRY SUPREDENTENT'),
(508, 'FU AISEGBA EKITI, OPEN OFFICE'),
(509, 'FORESTRY UNIT IDO EKITI, ZONAL UNIFORM OFFICER'),
(510, 'FORESTRY UNIT OYE EKITI'),
(511, 'FU OMUO EKITI'),
(512, 'FU OMUO EKITI, SEC. OFFICE'),
(513, 'FU OMUO EKITI, RANGER\'S OFFICE'),
(514, 'FU OMUO EKITI, REVENUE COLLECTOR\'S OFFICE'),
(515, 'FORESTRY UNIT IDO EKITI, HF\'S OFFICE'),
(516, 'FORESTRY UNIT IDO EKITI, ZONAL FOREST OFFICER'),
(517, 'GENERAL MANAGER'),
(518, 'SECRETARY TO GEN.. MANAGER'),
(519, 'GENERAL MANAGER(ANTEROOM)'),
(520, 'DAS'),
(521, 'SECRETARY, DAS'),
(522, 'DIR.,PROCUREMENT AND DISTRIBUTION'),
(523, 'SECRETARYY TO DIR., DISTRI & PROCUR'),
(524, 'PAYMASTER'),
(525, 'ACCOUNTS SECTION'),
(526, 'ADMIN'),
(527, 'DIR, PLANNING&MONITORING'),
(528, 'DIR., MARKETING OFFICER(DMO)'),
(529, 'DMO ANTEROOM'),
(530, 'AGROCHEMICALS'),
(531, 'RICE STORE'),
(532, 'TURKEY STORE'),
(533, 'FAMA IDO EKITI'),
(534, 'DUS, GAD CAR'),
(535, 'SAS &AS'),
(536, 'SAS OFFICE'),
(537, 'CONFIDENTIAL REG.'),
(538, 'CHIEF EXECUTIVE OFFICER'),
(539, 'LIFT DEPT'),
(540, 'PERSONAL MANAGER\'S OFFICE'),
(541, 'ELECTRICAL SECTION'),
(542, 'TELEPHONE MAINTENANCE ROOM'),
(543, 'ICT OFFICE'),
(544, 'MAINTENANCE ROOM'),
(545, 'ANTE ROOM DIRECTOR ASSET'),
(546, 'DIRECTOR ASSET'),
(547, 'SSA ANTE ROOM SECURITY'),
(548, 'SA SECURITY'),
(549, 'ANTE ROOM SSA LEGAL MATTERS'),
(550, 'SA STRATEGY AND POLICY'),
(551, 'DIRECTOR SA STRATEGY AND POLICY'),
(552, 'DIRECTOR STRATEGY AND POLICY'),
(553, 'SSA LEGAL ANTE ROOM LEGAL MATTERS'),
(554, 'SSA LEGAL MATTERS'),
(555, 'SA PROTOCOL SECRETARY'),
(556, 'SA PROTOCOL\'S OFFICE'),
(557, 'SSA MOBILIZATION SECRETARY OFFICE'),
(558, 'OFFICE OF REVENUE MATTERS & TAXATION'),
(559, 'SA SPECIAL DUTIES'),
(560, 'SA GOVERNOR'),
(561, 'SA GOV. SECRETARY\'S OFFICE'),
(562, 'VISITIOR\'S ROOM SA GOV'),
(563, 'SSA COOPERATE SERVICE & HUMAN RESOURSES SEC OFFICE'),
(564, 'SSA OFFICE (COOPERATE SERVICE & HUMAN)'),
(565, 'SSA PROTOCOL & SA CONSOLAR'),
(566, 'SSA SPECIAL MEDIAL, SSA SPEECH & SA PUB AFFAIRS'),
(567, 'STORE SECTION'),
(568, 'STORE (ROOM 2)'),
(569, 'STORE UNITY'),
(570, 'STORE (GARDNERS)'),
(571, 'POOL STAFF OFFICE'),
(572, 'SA POLICY AND STRAGEDY OFFICE'),
(573, 'SSA SPECIAL DUTIES OFFICE'),
(574, 'SA, LEGISLATIVE AFFAIRS'),
(575, 'SEC., SA LEGISLATIVE AFFAIRS'),
(576, 'LEGISLATIVE STAFF OFFICE'),
(577, 'STO OFFICE (POOL)'),
(578, 'EXCO CHAMBER(OLD GOVERNOR\'S OFFICE)'),
(579, 'PA TO SA LEGISLATIVE AFFAIRS'),
(580, 'PS GAD\'S CAR'),
(581, 'GGA, GAD CAR'),
(582, 'DFA, GAD CAR'),
(583, 'DAS, GAD CAR'),
(584, 'CIA, GAD CAR'),
(585, 'CSO, GAD CAR'),
(586, 'UTILITY'),
(587, 'OLD GOVERNNOR\'OFFICE'),
(588, 'PS(GHP)'),
(589, 'SCOP OFFICE'),
(590, 'SCOP (ANTEROOM)'),
(591, 'DAS (PROTOCOL)'),
(592, 'ANTE ROOM- ADMINISTRATIVE OFFICE ASS DIRECTOR'),
(593, 'PPO-WELFARE OFFICE'),
(594, 'ASST DIRECTORS OFFICE'),
(595, 'MAINTENANCE OFFICE'),
(596, 'HTO-TRANSPORT POOL'),
(597, 'MTO-TRANSPORT POOL'),
(598, 'MTO-ANTE ROOM'),
(599, 'PROTOCOL UNIT'),
(600, 'PROTOCOL UNIT(ANTEROOM)'),
(601, 'ACPO(PROTOCOL OFFICE)'),
(602, 'ACCT DEPT(PROTOCOL)'),
(603, 'CHIEF PROTOCOL OFFICER(CPO)'),
(604, 'AUDIT PROTOCOL'),
(605, 'PROTOCOL OFFICERS'),
(606, 'PAY MASTER'),
(607, 'JIBOWU HALL'),
(608, 'REGISTRY-GOV WIFES OFFICE'),
(609, 'INNER WAITING ROOM'),
(610, 'OUTER WAITING ROOM'),
(611, 'SA POLITICAL TO GOV WIFE'),
(612, 'SA-SOCIAL MOBILIZATION'),
(613, 'PRESS CREW OFFICE'),
(614, 'CHIEF PRESS SECRETARY'),
(615, 'CPS(ANTEROOM)'),
(616, 'ELECTRONIC&MEDIA (PRESS)'),
(617, 'DIGITAL MEDIA(STATE WEBSITE)'),
(618, 'CSO OFFICE(STORE DEPT)'),
(619, 'MAIN LODGE ROOM 1(B/ROOM)'),
(620, 'MAIN LODGE(SITTING ROOM)'),
(621, 'BEDROOM 2'),
(622, 'BEDROOM 3'),
(623, 'BEDROOM 4'),
(624, 'PRESIDENTIAL LODGE(UNDERGROUND)'),
(625, 'PRESIDENTIAL LODGE(BEDROOM1)'),
(626, 'EDITING ROOM(PROTOCOLS)'),
(627, 'CONVOY COMMANDER-DO OFFICE'),
(628, 'ANTE-ROOM OF CHIEF SECURITY OFFICER'),
(629, 'CHIEF SECURITY OFFICER'),
(630, 'SENIOR ASST SECETARY'),
(631, 'ANTE-ROOM SAS'),
(632, 'CHALLET 1 (KITCHEN)'),
(633, 'SITTING ROOM'),
(634, 'ROOM ONE'),
(635, 'ROOM TWO'),
(636, 'ROOM THREE'),
(637, 'STUDY ROOM'),
(638, 'ROOM FOUR'),
(639, 'WAITING/SITTING ROOM'),
(640, 'PRESIDENTIAL LODGE SITTING ROOM'),
(641, 'PRESIDENTIAL LODGE LIVING ROOM'),
(642, 'DINING ROOM (PRESIDENTIAL)'),
(643, 'KITCHEN(PRESIDENTIAL)'),
(644, 'SSA RESEARCH & DOCUMENTATION ANTE ROOM'),
(645, 'SSA, POLICY & STARTEGY'),
(646, 'SSA, RESEARCH&DOCUMENTATION(ANTEROOM)'),
(647, 'SSA, RESEARCH&DOCUMENTATION(CORE OFFICE)'),
(648, 'PRESS TO THE GOV\'S WIFE'),
(649, 'SA TO THE GOV\'S WIFE'),
(650, 'DIRECTOR OF PROTOCOL-GOVS'),
(651, 'QUANTITY SURVEYORS OFFICE'),
(652, 'PLUMBING DEPT'),
(653, 'HORTICULTURE DEPT'),
(654, 'ELECTRICAL AND PLUMBING'),
(655, 'MAINTENANCE'),
(656, 'GOV\'S MAIN LODGE MINI-SITING ROOM(DOWNSTAIRS)'),
(657, 'CHIEF OF STAFF RESIDENCE'),
(658, 'SA GOV OFFICE & YOUTH'),
(659, 'SSA, POLICY&STRATEGY CAR'),
(660, 'CHAPEL(GHP)'),
(661, 'CHAPEL ALTER(GHP)'),
(662, 'GOVT HOUSE MOSQUE'),
(663, 'SA TO THE GOV'),
(664, 'FOUNTAIN LIVING ROOM'),
(665, 'FOUNTAIN CHALET SIX'),
(666, 'VIP LODGE KITCHEN'),
(667, 'SA GOV OFFICE & YOUTH AFFAIRS LOBBY'),
(668, 'SA/SSA SECURITY'),
(669, 'KITCHEN(FOUNTAIN)'),
(670, 'DUTY OFFICER\'S CHALET'),
(671, 'CHALET LOBBY'),
(672, 'FLAC C3 SENIOR SPECIAL ASST ON SPECIAL PROJECT'),
(673, 'FLAT FIVE ORDERLY TO GOV'),
(674, 'GYM INSTRUCTOR TO VIP LODGE FLAT A1\'\''),
(675, 'VIP FLAT G2'),
(676, 'FOUNTAIN CHALET 5'),
(677, 'FOUNTAIN CHALET 7'),
(678, 'MAIN LODGE(BEDROOM4)'),
(679, 'FLAC D2 SENIOR SPECIAL ASST ON SOCIAL SECURITY'),
(680, 'VIP FLAT B1'),
(681, 'SNR TECH ASST SITTING ROOM'),
(682, 'CHIEF MATRON OFFICE I'),
(683, 'MEDICAL DIRECTOR OFFICE'),
(684, 'MEDICAL DIR., WAITING ROOM'),
(685, 'LABORATORY'),
(686, 'IN-PATIENT DEPT'),
(687, 'WARD 4'),
(688, 'THRID SITTING ROOM'),
(689, 'SECOND SITTING ROOM'),
(690, 'READING ROOM ( HIS EXCELLENCY)'),
(691, 'CLINIC'),
(692, 'WOG OFFICE'),
(693, 'CHAPELL CHAPLINS OFFICE'),
(694, 'FLAT A TWO'),
(695, 'FLAT E TWO CONSULTANT RESIDENCE'),
(696, 'CSO LODGE'),
(697, 'TECHNICAL ADVISAL(RESARCH/DOCUMENTATION)'),
(698, 'SS TO FIRST LADY'),
(699, 'POLICE ATTACHED TO P.A TO GOVERNOR'),
(700, 'DRIVER TO MR GOVERNOR'),
(701, 'BEDROOM HIS EXCELLENCY'),
(702, 'FLAT D THREE'),
(703, 'DEPUTY SPEAKER'),
(704, 'FLAT E1'),
(705, 'FLAT A3'),
(706, 'SPORT COMPLEX FLAT 2'),
(707, 'HEAD OF SERVICE CHALET'),
(708, 'POLICE COMMUNICATION CENTRE'),
(709, 'COMMUNICATION OFFICE ADMIN'),
(710, 'REPEATER ROOM'),
(711, 'BED ROOM'),
(712, 'BAFEM LODGE'),
(713, 'FLAT C2'),
(714, 'FLAT C2 KITCHEN'),
(715, 'HER EXCELLENCY BEDROOM'),
(716, 'FIRST ROOM'),
(717, 'SMALL SITTING ROOM'),
(718, 'SMALL SITTING ROOM (MINI)'),
(719, 'DINNING ROOM'),
(720, 'FLAT G3'),
(721, 'SPORT COMPLEX FLAT 1'),
(722, 'FLAT  G1'),
(723, 'FLAT G1(BEDROOM)'),
(724, 'FLAT H1'),
(725, 'PERSONAL CHEF TO GOVERNOR'),
(726, 'SSS(ROOM10)'),
(727, 'BAFEM COMPLEX'),
(728, 'MAMA G RESIDENCE'),
(729, 'CONTROL ROOM MANAGER\'S OFFICE(Brueau Of Transforma'),
(730, 'KITCHEN'),
(731, 'LAUNDRY'),
(732, 'VIP FLAT B3'),
(733, 'READING ROOOM (HER EXCELLENCY)'),
(734, 'ADC\'S RESIDENCE FLAT II'),
(735, 'ROOM II(ADC\'S RESIDENCE)'),
(736, 'KITCHEN(ADC RESIDENCE)'),
(737, 'CHIEF OF STAFF, SPECIAL ADVISER\'S RECIDENCE'),
(738, 'CHIEF OF STAFF, PERSONAL ASSISTANT ROOM'),
(739, 'CHIEF OF STAFF, PERSONAL ASSISTANT ROOM II'),
(740, 'SPEAKER\'S LODGE'),
(741, 'LAUNDRY, SPEAKER\'S HOUSE'),
(742, 'BEDROOM'),
(743, 'BQ SPEAKER\'S HOUSE'),
(744, 'VIP LODGE(COMM. TRADE & INVESTMENT) BEDROOM'),
(745, 'BEDROOM II'),
(746, 'OSUNTOKUN LODGE'),
(747, 'INVERTER ROOM'),
(748, 'SITTING ROOM II'),
(749, 'MEDIA UNIT, CHIEF PRESS SECRETARY(GOV. OFFICE)'),
(750, 'VIP LODGE'),
(751, 'BUILDINGS'),
(752, 'GHP-SSG\'S LODGE-MAIN SITTING ROOM'),
(753, 'GHP-SSG\'S LODGE-SECURITY POST'),
(754, 'CHIEF OF STAFF LODGE'),
(755, 'CHIEF OF STAFF LODGE, ROOM II'),
(756, 'CHIEF OF STAFF RESIDENCE, SITTING ROOM'),
(757, 'CHIEF OF STAFF RESIDENCE, ROOM I UPSTAIRS'),
(758, 'CHIEF OF STAFF RESIDENCE, ROOM II UPSTAIRS'),
(759, 'CHIEF OF STAFF RESIDENCE, ROOM III UPSTAIRS'),
(760, 'CHIEF OF STAFF RESIDENCE, ROOM IV UPSTAIRS'),
(761, 'SITTING ROOM, FLAT 3(CHIEF DETAIL\'S)'),
(762, 'BEDROOM 1, FLAT 3(CHIEF DETAIL\'S)'),
(763, 'KITCHEN(CHIEF DETAIL\'S)'),
(764, 'BEDROOM 2, FLAT 3(CHIEF DETAIL\'S)'),
(765, 'GOVT. HOUSE LAUNDRY'),
(766, 'LIVESTOCK UNIT'),
(767, 'ROOM 13 CROWNBIZ'),
(768, 'ROOM 7 CROWNBIZ'),
(769, 'ROOM 10 CROWNBIZ'),
(770, 'GHP-SSG\'S LODGE-ROOM'),
(771, 'GHP-SSG\'S LODGE-KITCHEN'),
(772, 'ROOM 8 CROWNBIZ'),
(773, 'GHP-SSG\'S LODGE-SSG\'S ROOM'),
(774, 'GHP-SSG\'S LODGE-SSG\'S WIFE ROOM'),
(775, 'GHP-SSG\'S LODGE-SSG\'S SON ROOM'),
(776, 'GHP-SSG\'S LODGE'),
(777, 'GHP-SSG\'S LODGE-WAITING ROOM'),
(778, 'CHIEF SUPRETENDENT OF PRESS(PRODUCTION)'),
(779, 'PLANNING SECTION'),
(780, 'ACCOUNTANT\'S OFFICE'),
(781, 'CHIEF SUPRETENDENT OF PRESS(PLANNING)'),
(782, 'PAYMASTER\'S OFFICE'),
(783, 'SECURITY PRINTING OFFICE(WORKSHOP)'),
(784, 'COMPUTER SECTION'),
(785, 'BINDING SECTION'),
(786, 'STORE SECTION(INNER STORE)'),
(787, 'STORE SECTION(MAIN)'),
(788, 'MACHINE SECTION'),
(789, 'LITHOGRAPHIC SECTION'),
(790, 'MAINTENANCE SECTION'),
(791, 'READING SECTION'),
(792, 'WAITING ROOM-secretary'),
(793, 'CALL OFFICE'),
(794, 'WAITING ROOM 2'),
(795, 'ENTRANCE'),
(796, 'GOV.OFFICE'),
(797, 'PPS to the Governor'),
(798, 'Registry Gov'),
(799, 'PA TO THE GOV OFFICE'),
(800, 'DIRECTOR OF ADMIN AND SUPPLY'),
(801, 'PERM BOARD MEMBERS OFFICE 1'),
(802, 'PERM BOARD MEMBERS OFFICE 2'),
(803, 'C.H.R.O RECORDS DEPT'),
(804, 'C.H.R.O RECORDS DEPT (AMB)'),
(805, 'DIRECTOR MEDICAL SERVICE'),
(806, 'SECREATARY\'S OFFICE (DMS)'),
(807, 'SECRETARY CHIEF OF EXECUTIVE OFFICER '),
(808, 'DEPUTY CLERK SECRETARY'),
(809, 'S.A MEDIA OFFICE'),
(810, 'DEPUTY CLERK, ADMIN OFFICE'),
(811, 'ANTEROOM TO THE CLERK'),
(812, 'CLERK OFFICE'),
(813, 'SPEAKER OFFICE'),
(814, 'SPEAKER P.A'),
(815, 'SECRETARY TO THE SPEAKER'),
(816, 'CHIEF OF STAFF OFFICE (SPEAKER)'),
(817, 'S.S OR ENTOURAGE OFFICE'),
(818, 'DEPUTY SPEAKER OFFICE'),
(819, 'DAS\'S OFFICE'),
(820, 'HON. MRS. OLAYINKA MODUPE\'S OFFICE'),
(821, 'HON. SHITTU OLUSEYI\'S OFFICE'),
(822, 'HON. OLAJIDE OLANIYI\'S OFFICE'),
(823, 'ACCOUNT/OTHER CHARGES'),
(824, 'HON. OLASEHINDE OGUNRINDE\'S OFFICE'),
(825, 'ACCOUNT UNIT'),
(826, 'DFA\'S OFFICE, ACCOUNT'),
(827, 'PUBLICATION DEPT'),
(828, 'S.A, LEGISLATIVE AFFAIRS'),
(829, 'INFORMATION DEPT. ROOM II'),
(830, 'DIRECTOR, INFORMATION DEPT'),
(831, 'LEGISLATIVE DEPT.'),
(832, 'DIR. LEGAL DEPARTMENT'),
(833, 'LEGAL OFFICERS'),
(834, 'PROTOCOL DEPT'),
(835, 'SA OF POLITICAL TO THE SPEAKER'),
(836, 'INFORMATION OFFICE'),
(837, 'LEGISLATIVE DEPARTMENT'),
(838, 'DEPUTY DIR LEGISLATIVE DEPT'),
(839, 'RESEARCH OFFICERS'),
(840, 'HOUSE CHAMBER'),
(841, 'DIRE. OFFICE LEGISLATIVE DEPT'),
(842, 'SECRETARY'),
(843, 'SECURITY POST I'),
(844, 'SECURITY POST II'),
(845, 'AUDIT OFFICE'),
(846, 'CHIEF WHIP OFFICE'),
(847, 'PRINTING AND TECHNICAL DEPT.'),
(848, 'HON. OGUNLOLA WUNMI(IJERO CONSTITUENCY)'),
(849, 'DEPUTY LEADER OFFICE'),
(850, 'HON. ALEX ADEOJO OFFICE(ROOM 36)'),
(851, 'PLANNING, RESEARCH AND STATISTICS'),
(852, 'POLICE POST ATTACHED TO HOUSE OF ASSEMBLY'),
(853, 'CIVIL DEFENCE OFFICE (ROOM 76)'),
(854, 'INFORMATION STORE(ROOM 8)'),
(855, 'HON. OLAJIDE FATUNMBI(ROOM 33)'),
(856, 'HON. DELE OLUGBEMII\'S OFFICE'),
(857, 'HON. SAMUEL OYEDELE\'S OFFICE'),
(858, 'PUBLICATION OFFICE'),
(859, 'PROCUREMENT DEPT'),
(860, 'UNDER SECRETARY/ ASS. SECRETARY OFFICE'),
(861, 'DEPUTY SPEAKER SECRETARY'),
(862, 'ENTOURAGE TO THE DEPUTY SPEAKER'),
(863, 'SERGEANT AT ARMY'),
(864, 'DIRECTOR, SERGEANT AT ARMY'),
(865, 'LEGISLATIVE, UPPER CHAMBER I'),
(866, 'UPPER CHAMBER II'),
(867, 'GEN. OFFICE'),
(868, 'TECHINAL OFFICE I'),
(869, 'MAJORITY LEADER OFFICE'),
(870, 'MAJORITY LEADER, SECRETARY'),
(871, 'DRIVER\'S OFFICE'),
(872, 'HON. TOPE AGIDI (ROOM 35)'),
(873, 'HON. ERINLE SAMUEL (ROOM 26)'),
(874, 'HON. OLONO AJIBOYE(ROOM 34)'),
(875, 'HON. ODU (ROOM 32)'),
(876, 'HON. OGUNDELE (ROOM 32)'),
(877, 'H.O.D PRINTING AND TECHNICAL'),
(878, 'DIR. PUBLICATION DEPT(ROOM 22)'),
(879, 'HON. YEMI ROOM 25'),
(880, 'HON. FASAKIN ROOM 25'),
(881, 'HON. BOLIK ROOM 24'),
(882, 'HON. ODEBUNMI ROOM 23'),
(883, 'MINORITY LEADER OFFICE ROOM 20'),
(884, 'MINORITY LEADER OFFICE ROOM 21'),
(885, 'MINORITY LEADER OFFICE ROOM 22'),
(886, 'MINORITY LEADER OFFICE ROOM 23'),
(887, 'MINORITY LEADER OFFICE ROOM 24'),
(888, 'MINORITY LEADER OFFICE ROOM 25'),
(889, 'MINORITY LEADER OFFICE ROOM 26'),
(890, 'MINORITY LEADER OFFICE ROOM 27'),
(891, 'MINORITY LEADER OFFICE ROOM 28'),
(892, 'MINORITY LEADER OFFICE ROOM 29'),
(893, 'MINORITY LEADER OFFICE ROOM 30'),
(894, 'MINORITY LEADER OFFICE ROOM 31'),
(895, 'MINORITY LEADER OFFICE ROOM 32'),
(896, 'MINORITY LEADER OFFICE ROOM 33'),
(897, 'MINORITY LEADER OFFICE ROOM 34'),
(898, 'ROOM 19'),
(899, 'GENERATOR'),
(900, 'HON ADU SUNDAY (ROOM 22)'),
(901, 'DIRECTOR OF ADMIN & SUPPLY ANTIE ROOM'),
(902, 'DAS OFFICE MAIN ROOM'),
(903, 'STORE OFFICE'),
(904, 'PLANNING REACH & STATISTICS OFFICE'),
(905, 'INFORMATION DEPARTMENT'),
(906, 'PRINCIPAL ADMINISTRATION SECRETARY OFFICE'),
(907, 'OPEN REGISTRY OFFICE'),
(908, 'ACCOUNT SECTION/DFA FINANCE & ACCOUNT'),
(909, 'PERSONAL ASSITANCE TO CHAIRMAN OFFICE'),
(910, 'TRANSPORT UNIT OFFICE'),
(911, 'CARS'),
(912, 'OLD CHAMBER OF HOUSE OF ASSEMBLY'),
(913, 'BUILDIN OF HOUSE OF ASSEMBLY SERVICE COMMISSION'),
(914, 'ANTE ROOM CHAIRMAN\'S OFFICE'),
(915, 'COMMISSION\'S OFFICE 1'),
(916, 'COMMISSION\'S OFFICE 2'),
(917, 'COMMISSION\'S OFFICE 3'),
(918, 'COMMISSION\'S OFFICE 4'),
(919, 'COMMISSION\'S OFFICE 5'),
(920, 'COMMISSION\'S OFFICE 6'),
(921, 'COMMISSION\'S OFFICE 7'),
(922, 'ANTE ROOM OF COMMISSION\'S OFFICE'),
(923, 'COMMISSIONER\'S OFFICE'),
(924, 'COMMISSIONER\'S OFFICE 3'),
(925, 'ANTE ROOM OF COMMISSIONER\'S OFFICE 3'),
(926, 'ADMINS OFFICE'),
(927, 'ELECTRICAL UNIT'),
(928, 'COMMISSIONER\'S OFFICE 4'),
(929, 'HOUSE OF ASSEMBLY COMPLEX BUILDING'),
(930, 'GENERAL MANAGER SECRETARY\'S OFFICE'),
(931, 'DIRECTOR TOWN PLANNING'),
(932, 'TOWN PLANNING ROOM II'),
(933, 'PLANNING RESEARCH AND STATISTICS'),
(934, 'SECRETARY/LEGAL OFFICE'),
(935, 'LEGAL DEPT/DAS RECEPTION'),
(936, 'ADMIN PERSONNEL SECTION'),
(937, 'DIRECTOR OF SURVEY OFFICE'),
(938, 'SURVEY STORE'),
(939, 'WORKS DEPT'),
(940, 'DIRECTOR OF WORKS OFFICE'),
(941, 'DIRECTOR OF WORKS SECRETARY'),
(942, 'D.F.A. OFFICE'),
(943, 'D.F.A.SECRETARY'),
(944, 'WAGES AND SALARIES DEPT'),
(945, 'FINAL ACCOUNT OFFICE'),
(946, 'BUILDER/ELECTRICAL SECTION'),
(947, 'P.R.O'),
(948, 'LAND SERVICE DEPT'),
(949, 'LAND RECOVERY'),
(950, 'COMMERCIAL DEPT'),
(951, 'MECHANIC DEPT'),
(952, 'MECHANIC SECTION'),
(953, 'ROOM 2'),
(954, 'MOTOCYCLE'),
(955, 'RECEPTIONIST'),
(956, 'ADMIN & SUPPLY OFFICE'),
(957, 'SEC ANTE ROOM DAS'),
(958, 'CONFIDENTIAL REGISRTY'),
(959, 'TAX AUDIT & INVESTIGATION OFFICE'),
(960, 'DIRECTORS OF AUDIT & INVESTIGATION ANTE ROOM'),
(961, 'ICT PLANING ANTE ROOM'),
(962, 'PAYEE & HQ ASSESMENT OFFICE'),
(963, 'PAYEE & HQ ASSESMENT OFFICE ANTE ROOM'),
(964, 'ICT PLANING OFFICE TWO'),
(965, 'OFFICE TWO ANTE ROOM'),
(966, 'CHAIRMAN OFFICE'),
(967, 'CHAIRMAN OFFICE ANTE ROOM'),
(968, 'INTERNAL AUDIT ANTE ROOM'),
(969, 'TIN TAX PAYER IDENTIFIATION NUMBER DEPT'),
(970, 'ROAD TAX DEPT'),
(971, 'ENFORCEMENT & MONITORING DEPT'),
(972, 'LEGAL ADVISER'),
(973, 'POOL BETING OFFICE'),
(974, 'MONITORING OFFICE'),
(975, 'STAMP DUTY SECTION'),
(976, 'STAMP DUTY ANTE ROOM'),
(977, 'ADMIN OFFICE, ROOM 1(AJILOSUN ZONE 1)'),
(978, 'ADMIN ROOM 2 (AJILOSUN ZONE 1)'),
(979, 'ADMIN ROOM 3 (AJILOSUN ZONE 1)'),
(980, 'ADMIN ROOM 4 (AJILOSUN ZONE 1)'),
(981, 'ADMIN ROOM 5 (AJILOSUN ZONE 1)'),
(982, 'ZONAL MANAGER OFFICE(BESIDE SADIAT)'),
(983, 'ZONE 4 ADO BASIRI'),
(984, 'ADO II SIMILOLUWA STR'),
(985, 'IRS IDO-OSI EKITI OFFICE'),
(986, 'IRS IJERO EKITI, ZONAL OFFICER\'S OFFICE'),
(987, 'IRS IDO EKIITI, DISTRICT TAX OFFICER\'S OFFICE'),
(988, 'IRS OTUN EKITI OFFICE'),
(989, 'IRS IDO EKIITI, OPEN REGISTRY'),
(990, 'IRS IKOLE EKITI, COMPUTER ROOM'),
(991, 'IRS OYE EKITI, DISTRICT REVENUE MANAGER'),
(992, 'IRS OYE EKITI, ROOM 2'),
(993, 'IRS IKOLE EKITI, REGIONAL TAX MANAGER\'S OFFICE'),
(994, 'IRS IKOLE EKITI, OPEN REGISTRY'),
(995, 'IRS IKOLE EKITI'),
(996, 'IRS IKOLE EKITI, MOTOR LICENSING OFFICE'),
(997, 'IRS IJERO EKITI, REGISTRY'),
(998, 'IRS IJERO EKITI, LICENSING OFFICE'),
(999, 'BOI IGEDE(OPEN REGISTRY)'),
(1000, 'BOI IGEDE(DISTRICT TAX OFFICER OFFICE)'),
(1001, 'BOI IGEDE(COMPUTER ROOM 2)'),
(1002, 'IRS IKERE EKITI, TAX OFFICER ROOM 4'),
(1003, 'IRS IKERE EKITI, ROOM 2'),
(1004, 'IRS IKERE EKITI, ROOM C'),
(1005, 'IRS IKERE EKITI, ROOM D'),
(1006, 'MOTORCYCLE'),
(1007, 'IRS IKERE EKITI'),
(1008, 'IRS OYE EKITI'),
(1009, 'IRS OYE EKITI, ROOM 3'),
(1010, 'IRS OYE EKITI, ROOM 4'),
(1011, 'IRS OMUO EKITI, TAX OFFICER\'S OFFICE'),
(1012, 'IRS OMUO EKITI, PEO\'S OFFICE'),
(1013, 'IRS AISEGBA EKITI, A.T.M'),
(1014, 'IRS AISEGBA EKITI, OPEN OFFICE'),
(1015, 'IRS OMUO EKITI, REGISTRY'),
(1016, 'IRS OMUO EKITI, V.REG. OFFICE'),
(1017, 'IRS OMUO EKITI, SEO\'S OFFICE'),
(1018, 'IRS EFON ALAAYE'),
(1019, 'IRS AISEGBA EKITI, LICENSING OFFICE'),
(1020, 'Internal Revenue Service-ILAWE'),
(1021, 'IRS ISE EKITI, DISTRICT TAX OFFICER OFFICE'),
(1022, 'IRS ISE EKITI, STORE OFFICE'),
(1023, 'IRS EMURE EKITI, M.L.A DEPT'),
(1024, 'IRS ISE EKITI, OPEN REGISTRY'),
(1025, 'IRS EMURE EKITI, ROOM II'),
(1026, 'IRS BUILDING 1 WITH 1ST BANK'),
(1027, 'IRS BUILDING 2 WITH SKYE BANK'),
(1028, 'IRS BUILDING 3 WITH VEHICLE REGISTRATION'),
(1029, 'IRS EMURE EKITI, DISTRICT TAX OFFICER OFFICE'),
(1030, 'INTERNAL REVENUE SERVICE'),
(1031, 'MONT & EVALUATION DEPT'),
(1032, 'TA ICT OFFICE ANTEROOM'),
(1033, 'TA ICT OFFICE'),
(1034, 'DIRECTOR OF PLANNING OFFICE'),
(1035, 'PLANNING ANTE-ROOM'),
(1036, 'SECRETARY TO THE DG\'S OFFICE'),
(1037, 'PA TO THE DIRECTOR\'S OFFICE'),
(1038, 'DAS OOFICE'),
(1039, 'DEPUTY CHIEF REGISTRAR I'),
(1040, 'DEPUTY CHIEF REGISTRAR OFFICE II'),
(1041, 'SECRETARY TO DEPUTY REGISTRAR II'),
(1042, 'GENERAL ADMIN AND DUTIES OFFICE'),
(1043, 'CHIEF REGISTRAR\'S OFFICE'),
(1044, 'SECRETARY TO CHIEF REGISTRAR\'S OFFICE'),
(1045, 'HIGH COURT 4, CHAMBER'),
(1046, 'OPEN COURT IV'),
(1047, 'PERSONAL EMOLUMENT OFFICE, ROOM I'),
(1048, 'PERSONAL EMOLUMENT OFFICE, ROOM III'),
(1049, 'SECRETARY, GENERAL ADMIN AND DUTIES'),
(1050, 'DIRECTOR, PR&S'),
(1051, 'PERSONAL EMOLUMENT OFFICE, ROOM II'),
(1052, 'PLANNING RESEARCH AND STATISTICS, REGISTRY'),
(1053, 'SECRETARY, PLANNING RESEARCH AND STATISTICS'),
(1054, 'WORKS AND MAINTENACE, REGISTRY'),
(1055, 'SHERIFF OFFICE'),
(1056, 'PERSONAL EMOLUMENT OFFICE, ROOM IV'),
(1057, 'CHIEF ACCOUNTANT\'S OFFICE'),
(1058, 'ACCOUNT OFFICE (BACK 2)'),
(1059, 'PROBATE SECTION'),
(1060, 'CORRESPONDENCE SECTION'),
(1061, 'ESTAB ROOM I'),
(1062, 'LIBRARY SECTION'),
(1063, 'AUDIT ROOM I'),
(1064, 'DEPARTMENT OF PERSONNEL MGT.'),
(1065, 'COURT, LIBRARY SECTION'),
(1066, 'COURT LIBRARY SECTION'),
(1067, 'SECRETARY, DEPT. OF PERSONNEL MGT'),
(1068, 'ESTAB ROOM II'),
(1069, 'COURT 1'),
(1070, 'COURT 3'),
(1071, 'AUDIT ROOM II'),
(1072, 'AUDIT ROOM III'),
(1073, 'CHIEF JUDGE CHAMBER'),
(1074, 'CHIEF JUDGE CHAMBER (SECRETARY)'),
(1075, 'PROTOCOL OFFICE'),
(1076, 'CHIEF JUDGE SECRETARY'),
(1077, 'SECRETARY\'S OFFICE COURT 3'),
(1078, 'RECEPTION CHIEF JUDGE OFFICE'),
(1079, 'CHIEF JUDGE CONFERENCE ROOM'),
(1080, 'LITIGATION DEPT (HOD\'S OFFICE)'),
(1081, 'HIGH COURT REGISTRY (SECRETARY\'S OFFICE)'),
(1082, 'HIGH COURT STORE'),
(1083, 'HIGH COURT OPEN REGISTRY'),
(1084, 'SHERIFF\'S OFFICE'),
(1085, 'CSO\'S OFFICE'),
(1086, 'HIGH COURT (6)'),
(1087, 'MAGISTRATE/CHIEF MAGISTRATE COURT I(CHAMBER)'),
(1088, 'MAGISTRATE COURT 2'),
(1089, 'OPEN COURT 2 (MAGISTRATE)'),
(1090, 'MAGISTRATE COURT 3'),
(1091, 'MAGISTRATE COURT 3 CHAMBER'),
(1092, 'MAGISTRATE CHAMBER'),
(1093, 'MAGISTRATE OPEN COURT I'),
(1094, 'TYPING POOL'),
(1095, 'HOD MAGISTRATE COURT OFFICE'),
(1096, 'DRIVER\'S POOL'),
(1097, 'CHIEF MAGISTRATE OPEN REGISTRY'),
(1098, 'CONFIDENTIAL ROOM'),
(1099, 'HIGH COURT 5'),
(1100, 'CHIEF JUSTICE CHAMBER/HIGH COURT I'),
(1101, 'HIGH COURT JUDGE(COURT 5)'),
(1102, 'MAGISTRATE COURT 6/JUDGES CHAMBER'),
(1103, 'HIGH COURT 6, SECRETARY\'S OFFICE'),
(1104, 'HIGH COURT OF JUSTICE IDO EKITI, REGISTRY II'),
(1105, 'HIGH COURT OF JUSTICE IDO EKITI, REGISTRY'),
(1106, 'WORKS&MAINTENANCE (GEN ROOM)'),
(1107, 'FUEL DUMP UNIT'),
(1108, 'STATE JUDICIARY'),
(1109, 'MAGISTRATE COURT IYIN(OPEN COURT)'),
(1110, 'CHIEF MAGISTRATE COURT IYIN(PRINCIPAL REGISTRAR\'S '),
(1111, 'JUDGE\'S CHAMBER'),
(1112, 'CHIEF MAGISTRATE COURT IYIN(CHIEF MAG. OFFICE)'),
(1113, 'CHIEF MAGISTRATE COURT IYIN(OPEN COURT('),
(1114, 'CHIEF MAGISTRATE COURT IYIN(CUSTOMARY COURT('),
(1115, 'CHIEF MAGISTRATE COURT IYIN CUSTOMARY COURT'),
(1116, 'MAGISTRATE COURT IGEDE EKITI, COURT ROOM II'),
(1117, 'CHIEF MAGISTRATE COURT 2 IGEDE'),
(1118, 'CHIEF MAGISTRATE COURT 1 IGEDE'),
(1119, 'MAGISTRATE COURT IGEDE EKITI, MAGISTRATE ROOM'),
(1120, 'MAGISTRATE COURT IGEDE EKITI, TYPING POOL'),
(1121, 'MAGISTRATE COURT IGEDE EKITI'),
(1122, 'MAGISTRATE COURT IGEDE EKITI, COURT II'),
(1123, 'CUSTOMARY COURT AWO EKITI, COURT'),
(1124, 'CHIEF MAGISTRATE COURT 1 IGEDE(REGISTRY)'),
(1125, 'CHIEF MAGISTRATE COURT 2 IGEDE(REGISTRY)'),
(1126, 'CHIEF MAGISTRATE COURT 2 IGEDE(PRIN REGISTRAR)'),
(1127, 'CUSTOMARY COURT AWO EKITI, PRESIDENT OFFICE'),
(1128, 'CUSTOMARY COURT AWO EKITI, REGISTRY'),
(1129, 'IJERO-DIVISION HIGH COURT'),
(1130, 'REGISTRY  IJERO'),
(1131, 'MAGISTRATE CHAMBER  IJERO'),
(1132, 'CHIEF MAGISTRATE COURT-ARAMOKE  IJERO'),
(1133, 'CHIEF MAGISTRATE COURT-ARAMOKO  IJERO'),
(1134, 'MAGISTRATE OFFICE ARAMOKO'),
(1135, 'PRINCIPAL REGISTRARS OFFICE  ARAMOKO'),
(1136, 'OPEN REGISTRY  ARAMOKO'),
(1137, 'JERO-HIGH COURT  IJERO'),
(1138, 'JUDGE\'S CHAMBER  IJERO'),
(1139, 'SECRETARY\'S OFFICE  IJERO'),
(1140, 'WAITING ROOM  IJERO'),
(1141, 'HIGH COURT OF JUSTICE IDO EKITI, OPEN COURT'),
(1142, 'CHIEF MAGISTRATE COURT, AYETORO EKITI'),
(1143, 'CHIEF MAGISTRATE COURT AYETORO EKITI, REGISTRAR'),
(1144, 'TYPING POOL  IJERO'),
(1145, 'OPEN COURT 2  IJERO'),
(1146, 'HIGH COURT REGISTRY-OFFICE 1  IJERO'),
(1147, 'HIGH COURT REGISTRY-OFFICE 2  IJERO'),
(1148, 'HIGH COURT OF JUSTICE EMURE, OPEN REGISTRY'),
(1149, 'CUSTOMARY COURT, IFAKI EKITI'),
(1150, 'HIGH COURT OF JUSTICE EMURE, CHAMBER'),
(1151, 'CHIEF MAGISTRATE COURT, IDO EKITI'),
(1152, 'HIGH COURT OF JUSTICE EMURE, SECRETARY OFFICE'),
(1153, 'HIGH COURT OF JUSTICE IDO EKITI, OUR LORD CHAMBER'),
(1154, 'HIGH COURT OF JUSTICE EMURE, CHAMBER ANTEROOM'),
(1155, 'MAGISTRATE COURT IDO EKITI, REGISTRAR\'S OFFICE'),
(1156, 'MAGISTRATE COURT IDO EKITI, REGISTRY'),
(1157, 'HIGH COURT OF JUSTICE EMURE, OPEN COURT'),
(1158, 'CUSTOMARY COURT IDO EKITI, CHAMBER'),
(1159, 'MAGISTRATE COURT IDO EKITI, MAGISTRATE OFFICE'),
(1160, 'MAGISTRATE COURT IDO EKITI, COURT HALL'),
(1161, 'MAGISTRATE COURT IDO EKITI, OPEN COURT '),
(1162, 'HIGH COURT OF JUSTICE EMURE, REGISTRAR\'S OFFICE'),
(1163, 'CUSTOMARY COURT IDO EKITI, REGISTRAR OFFICE'),
(1164, 'CUSTOMARY COURT EMURE, CHAMBER'),
(1165, 'CUSTOMARY COURT IDO EKITI, OPEN COURT'),
(1166, 'CUSTOMARY COURT EMURE, ADMIN OFFICE'),
(1167, 'CUSTOMARY COURT EMURE, OPEN COURT'),
(1168, 'CHIEF MAGISTRATE COURT EMURE, CHAMBER'),
(1169, 'CHIEF MAGISTRATE COURT EMURE, PRINCIPAL REGISTRAR'),
(1170, 'CHIEF MAGISTRATE COURT EMURE, ROOM II'),
(1171, 'CHIEF MAGISTRATE COURT EMURE, REGISTRY'),
(1172, 'CHIEF MAGISTRATE COURT EMURE, OPEN COURT'),
(1173, 'HIGH COURT OF JUSTICE ISE EKITI, ASS. CHIEF REG.'),
(1174, 'HIGH COURT OF JUSTICE ISE EKITI, REGISTRY'),
(1175, 'HIGH COURT OF JUSTICE ISE EKITI, OPEN COURT'),
(1176, 'HIGH COURT OF JUSTICE ISE EKITI, SECRETARY OFFICE'),
(1177, 'HIGH COURT OF JUSTICE ISE EKITI, JUDGES OFFICE'),
(1178, 'MAGISTRATE COURT 2 IKERE EKITI, OPEN COURT'),
(1179, 'CUSTOMARY COURT ISE EKITI'),
(1180, 'CUSTOMARY COURT ISE EKITI, CHAMBER'),
(1181, 'CHIEF MAGISTRATE COURT ISE EKITI, REGISTRAR'),
(1182, 'CHIEF MAGISTRATE COURT ISE EKITI, OPEN COURT'),
(1183, 'CHIEF MAGISTRATE COURT ISE EKITI, OPEN REGISTRY'),
(1184, 'MAGISTRATE COURT IGBEMO EKITI'),
(1185, 'CUSTOMARY COURT OTUN EKITI, CHAMBER'),
(1186, 'MAGISTRATE COURT 2 IKERE EKITI, CHAMBER'),
(1187, 'CUSTOMARY COURT OTUN EKITI, OPEN COURT'),
(1188, 'HIGH COURT IKERE EKITI, OPEN COURT'),
(1189, 'HIGH COURT IKERE EKITI, MY LORD CHAMBER'),
(1190, 'CUSTOMARY COURT OTUN EKITI'),
(1191, 'MAGISTRATE COURT AYETORO EKITI, OPEN COURT'),
(1192, 'HIGH COURT IKERE EKITI'),
(1193, 'CUSTOMARY COURT AYETORO EKITI, '),
(1194, 'CUSTOMARY COURT AYETORO EKITI, REGISTRAR OFFICE'),
(1195, 'CUSTOMARY COURT AYETORO EKITI, TYPIST OFFICE'),
(1196, 'CUSTOMARY COURT AYETORO EKITI, ROOM 3 CHAMBER'),
(1197, 'CUSTOMARY COUURT IKUN EKITI, OPEN COURT'),
(1198, 'CUSTOMARY COUURT IKUN EKITI, '),
(1199, 'CUSTOMARY COURT, OMUO EKITI, REGISTRY'),
(1200, 'MAGISTRATE COURT IGBEMO EKITI, MAGISTRATE OFFICE'),
(1201, 'HIGH COURT IKERE EKITI, PRINCIPAL OFFICE'),
(1202, 'HIGH COURT IKERE EKITI, OPEN REGISTRY'),
(1203, 'MAGISTRATE COURT IKERE EKITI, PRINCIPAL REGISTRAR'),
(1204, 'MAGISTRATE COURT IKERE EKITI, OPEN COURT 3 CHAMBER'),
(1205, 'MAGISTRATE COURT IKERE EKITI, OPEN COURT 3'),
(1206, 'MAGISTRATE COURT IKERE EKITI, REGISTRY'),
(1207, 'JUDICIARY COURT ILASA EKITI'),
(1208, 'JUDICIARY COURT ILASA EKITI, CHAMBER'),
(1209, 'JUDICIARY COURT ILASA EKITI, REGISTRY'),
(1210, 'HIGH COURT OMUO EKITI(KOTA)'),
(1211, 'HIGH COURT OMUO EKITI(KOTA), REGISTRY'),
(1212, 'HIGH COURT OMUO EKITI(KOTA), BALLIFF OFFICE'),
(1213, 'HIGH COURT OMUO EKITI(KOTA), TECHNICAL OFFICE'),
(1214, 'HIGH COURT OMUO EKITI(KOTA), SEC. OFFICE'),
(1215, 'HIGH COURT OMUO EKITI(KOTA), MAGISTRATE OFFICE'),
(1216, 'HIGH COURT OMUO EKITI, TYPING POOL'),
(1217, 'HIGH COURT OMUO EKITI, JUDGE\'S CHAMBER'),
(1218, 'HIGH COURT OMUO EKITI, JUDGE\'S SECRETARY'),
(1219, 'HIGH COURT OMUO EKITI, OPEN COURT'),
(1220, 'HIGH COURT OMUO EKITI, CLERK\'S OFFICE'),
(1221, 'CUSTOMARY COURT AISEGBA EKITI, CHAMBER'),
(1222, 'CUSTOMARY COURT AISEGBA EKITI, REGISTRAR\'S OFFICE'),
(1223, 'CUSTOMARY COURT AISEGBA EKITI, OPEN COURT'),
(1224, 'CUSTOMARY COURT ODE EKITI, CHAMBER'),
(1225, 'CUSTOMARY COURT ODE EKITI, SEC. OFFICE'),
(1226, 'CUSTOMARY COURT ODE EKITI, REGISTRY'),
(1227, 'CUSTOMARY COURT ODE EKITI, OPEN COURT'),
(1228, 'CUSTOMARY COURT ODE EKITI, REGISTRAR\'S OFFICE'),
(1229, 'CUSTOMARY COURT ILUDUN EKITI, OPEN COURT'),
(1230, 'CUSTOMARY COURT ILUDUN EKITI, REGISTRY ROOM II'),
(1231, 'CUSTOMARY COURT ILUDUN EKITI, REGISTRAR OFFICE'),
(1232, 'CUSTOMARY COURT ILUDUN EKITI, CHAMBER'),
(1233, 'CHIEF MAGISTRATE COURT IYE EKITI, CHAMBER'),
(1234, 'CHIEF MAGISTRATE COURT IYE EKITI, OFFICE II'),
(1235, 'CUSTOMARY COURT ERINMOPE, OPEN COURT'),
(1236, 'CUSTOMARY COURT, OMUO EKITI'),
(1237, 'CUSTOMARY COURT, OMUO EKITI, JUDGE\'S CHAMBER'),
(1238, 'HIGH COURT OMUO EKITI(KOTA), OPEN COURT'),
(1239, 'HIGH COURT OMUO EKITI(KOTA), REGISTRAR\'S OFFICE'),
(1240, 'CUSTOMARY COURT ISINBODE EKITI'),
(1241, 'CUSTOMARY COURT ISINBODE EKITI, OPEN REGISTRY'),
(1242, 'CHIEF MAGISTRATE COURT IYE EKITI, OPEN COURT'),
(1243, 'CUSTOMARY COURT ISINBODE EKITI, JUDGE\'S CHAMBER'),
(1244, 'CUSTOMARY COURT ISINBODE EKITI, OPEN COURT'),
(1245, 'CUSTOMARY COURT ERINMOPE, REGISTRY'),
(1246, 'CUSTOMARY COURT ERINMOPE'),
(1247, 'CUSTOMARY COURT ILORO EKITI, OPEN COURT'),
(1248, 'CUSTOMARY COURT ILORO EKITI, CHAMBER'),
(1249, 'CUSTOMARY COURT ILORO EKITI, REGISTRY'),
(1250, 'MAGISTRATE COURT OTUN EKITI'),
(1251, 'JUDICIARY OSI EKITI, CHAMBER'),
(1252, 'HIGH COURT IKOLE EKITI, CLERK OFFICE'),
(1253, 'HIGHCOURT OF JUSTICE IKOLE EKITI, SECRETARY'),
(1254, 'CUSTOMARY COURT EFON ALAAYE, PRESIDENT OFFICE'),
(1255, 'CUSTOMARY COURT IKORO EKITI, OPEN COURT'),
(1256, 'CUSTOMARY COURT EFON ALAAYE, OPEN COURT'),
(1257, 'CUSTOMARY COURT EFON ALAAYE, SEC. OFFICE'),
(1258, 'CUSTOMARY COURT IKORO EKITI, CHAMBER'),
(1259, 'CUSTOMARY COURT EFON ALAAYE, OFFICE II'),
(1260, 'CUSTOMARY COURT IKORO EKITI, REGISTRY'),
(1261, 'CUSTOMARY COURT EFON ALAAYE, REGISTRAR\'S OFFICE'),
(1262, 'MAGISTRATE COURT, IKORO EKITI, REGISTRY'),
(1263, 'MAGISTRATE COURT, IKORO EKITI, OPEN COURT'),
(1264, 'MAGISTRATE COURT, IKORO EKITI, CHAMBER'),
(1265, 'CUSTOMARY COURT, IPOTI EKITI, OPEN COURT'),
(1266, 'CUSTOMARY COURT EFON ALAAYE, CHAMBER'),
(1267, 'CUSTOMARY COURT EFON ALAAYE, OPEN REGISTRY'),
(1268, 'CUSTOMARY COURT, IPOTI EKITI, REGISTRAR\'S OFFICE'),
(1269, 'CUSTOMARY COURT, IPOTI EKITI, ADJUDICATION OFFICE'),
(1270, 'CUSTOMARY COURT EFON ALAAYE, PRINCIPAL REGISTRAR'),
(1271, 'CHIEF MAGISTRATE COURT ILORO EKITI, OPEN COURT'),
(1272, 'MAGISTRATE COURT EFON ALAAYE, OPEN CORT I/II'),
(1273, 'MAGISTRATE COURT EFON ALAAYE, CHAMBER'),
(1274, 'CHIEF MAGISTRATE COURT ILORO EKITI, REGISTRY'),
(1275, 'MAGISTRATE COURT EFON ALAAYE, CHAMBER II'),
(1276, 'CHIEF MAGISTRATE COURT ILORO EKITI, SEC. OFFICE'),
(1277, 'MAGISTRATE COURT EFON ALAAYE, OPEN REGISTRY'),
(1278, 'CHIEF MAGISTRATE COURT ILORO EKITI, CHAMBER'),
(1279, 'MAGISTRATE COURT EFON ALAAYE, REGISTRAR\'S OFFICE'),
(1280, 'MAGISTRATE COURT EFON ALAAYE, OPEN REGISTRY II'),
(1281, 'JUDICIARY OSI EKITI, OPEN COURT'),
(1282, 'JUDICIARY OSI EKITI, REGISTRY'),
(1283, 'CUSTOMARY COURT ODO AYEDUN, OPEN COURT'),
(1284, 'CUSTOMARY COURT ODO AYEDUN, CHAMBER'),
(1285, 'CUSTOMARY COURT ODO AYEDUN, REGISTRY'),
(1286, 'HIGHCOURT OF JUSTICE IKOLE EKITI, REGISTRAR'),
(1287, 'HIGHCOURT OF JUSTICE IKOLE EKITI, REGISTRY'),
(1288, 'HIGHCOURT OF JUSTICE IKOLE EKITI, OPEN COURT'),
(1289, 'HIGHCOURT OF JUSTICE IKOLE EKITI, CHAMBER'),
(1290, 'MAGISTRATE COURT IKOLE EKITI, REGISTRY'),
(1291, 'MAGISTRATE COURT IKOLE EKITI, TYPING POOL'),
(1292, 'MAGISTRATE COURT IKOLE EKITI, OPEN COURT II'),
(1293, 'MAGISTRATE COURT IKOLE EKITI, OPEN COURT I'),
(1294, 'MAGISTRATE COURT IKOLE EKITI, REGISTRAR\'S OFFICE'),
(1295, 'MAGISTRATE COURT IKOLE EKITI, CHAMBER'),
(1296, 'HIGH COURT IKOLE EKITI, SECRETARY OFFICE'),
(1297, 'HIGH COURT IKOLE EKITI'),
(1298, 'CUSTOMARY COURT IKOLE EKITI, OPEN COURT'),
(1299, 'CUSTOMARY COURT-IGBARA ODO'),
(1300, 'CUSTOMARY COURT-OGOTUN'),
(1301, 'CHIEF MAGISTRATE COURT-ILAWE'),
(1302, 'CUSTOMARY COURT IKOLE EKITI, REGISTRAR\'S OFFICE'),
(1303, 'CUSTOMARY COURT IKOLE EKITI, CHAMBER'),
(1304, 'CUSTOMARY COURT ITAPA EKITI, OPEN COURT'),
(1305, 'CUSTOMARY COURT ITAPA EKITI, REGISTRAR\'S OFFICE'),
(1306, 'CUSTOMARY COURT ITAPA EKITI, CHAMBER'),
(1307, 'CUSTOMARY COURT ITAPA EKITI'),
(1308, 'CHIEF MAGISTRATE COURT-OYE'),
(1309, 'MAGISTRATE COURT ILUPEJU EKITI, OPEN COURT'),
(1310, 'MAGISTRATE COURT ILUPEJU EKITI, REGISTRY'),
(1311, 'MAGISTRATE COURT ILUPEJU EKITI, CHIEF REGISTRAR\'S'),
(1312, 'MAGISTRATE COURT ILUPEJU EKITI, MAGISTRATE'),
(1313, 'MAGISTRATE COURT ILUPEJU EKITI'),
(1314, 'CUSTOMARY COURT-OYE'),
(1315, 'CUSTOMARY COURT-AYEDE'),
(1316, 'D.G OFFICE'),
(1317, 'P.M,AUDITIOR,OTHER CHARGES OFFICE'),
(1318, 'D.F.A'),
(1319, 'LOAB, REGISTRY OFFICE'),
(1320, 'LOAB, DIR, PLANNING RESEARCH & STATISTICS'),
(1321, 'LOAB, DIR, SECRETARY OFFICE'),
(1322, 'LOAB, DIR, P.S OFFICE'),
(1323, 'LOAB, DIR, ACCOUNT SECTION'),
(1324, 'LOAB, DIR, DIRECTOR OFFICE'),
(1325, 'LOAB, DIR, CONFERENCE HALL'),
(1326, 'LOAB, GENERATOR'),
(1327, 'LOAB, BUILDING'),
(1328, 'LOAB, PERSONNEL AND AUDIT OFFICE'),
(1329, 'LOAB, S.A INTERGOVERNMENTAL OFFICE'),
(1330, 'LOAB, VEHICLES'),
(1331, 'LOAB, EKITI HOUSE GENERATOR'),
(1332, 'LOAB, EKITI HOUSE BUILDING'),
(1333, 'LOAB, S.A NATIONAL ASSEMBLY'),
(1334, 'LOAB, MAIN BUILDING, SITTING ROOM'),
(1335, 'LOAB, MAIN BUILDING, KITCHEN'),
(1336, 'LOAB, STAFF QUARTERS, ROOM II'),
(1337, 'LOAB, STAFF QUARTERS, MASTER BEDROOM III'),
(1338, 'LOAB, STAFF QUARTERS, BOY\'S QUARTER(STEWARD ROOM)'),
(1339, 'LOAB, STAFF QUARTERS, BOY\'S QUARTER II'),
(1340, 'LOAB, STAFF QUARTERS, CORRIDOR'),
(1341, 'LOAB, STAFF QUARTERS, GENERATOR'),
(1342, 'LOAB, STAFF QUARTERS, VISITOR\'S ROOM I'),
(1343, 'LOAB, STAFF QUARTERS, ROOM III'),
(1344, 'LOAB, STAFF QUARTERS, MR OGUNJOBI JAMES ROOM'),
(1345, 'LOAB, STAFF QUARTERS, DIRECTOR\'S SITTING ROOM'),
(1346, 'LOAB, STAFF QUARTERS, DIRECTOR\'S ROOM, ROOM I'),
(1347, 'LOAB, STAFF QUARTERS, DIRECTOR\'S ROOM, ROOM II'),
(1348, 'LOAB, STAFF QUARTERS, DIRECTOR\'S ROOM, KITCHEN'),
(1349, 'LOAB, STAFF QUARTERS, STUDY ROOM'),
(1350, 'LOAB, IST AVENUE GWARIPA, BOYS QUARTERS'),
(1351, 'LOAB, IST AVENUE GWARIPA, GENERATOR'),
(1352, 'LOAB, GOVERNOR\'S LODGE ABUJA, VEHICLES'),
(1353, 'LOAB, D.GOV. LODGE HOUSE B, WAITING ROOM'),
(1354, 'LOAB, D.GOV. LODGE HOUSE B, CONFERENCE HALL'),
(1355, 'LOAB, D.GOV. LODGE HOUSE B, STUDY ROOM'),
(1356, 'LOAB, D.GOV. LODGE HOUSE B, DINNING ROOM'),
(1357, 'LOAB, D.GOV. LODGE HOUSE B, STORE'),
(1358, 'LOAB, D.GOV. LODGE HOUSE B, ROOM V'),
(1359, 'LOAB, D.GOV. LODGE HOUSE B, PRIVATE SITTING ROOM'),
(1360, 'LOAB, D.GOV. LODGE HOUSE B, ROOM I'),
(1361, 'LOAB, D.GOV. LODGE HOUSE B, ROOM II'),
(1362, 'LOAB, D.GOV. LODGE HOUSE B, ROOM IV'),
(1363, 'LOAB, D.GOV. LODGE HOUSE B, SECURITY POST'),
(1364, 'LOAB, D.GOV. LODGE HOUSE B, GENERATOR'),
(1365, 'LOAB, GOVERNOR\'S LODGE, BOYS QUARTERS ROOM I'),
(1366, 'LOAB, GOVERNOR\'S LODGE, BOYS QUARTERS ROOM II'),
(1367, 'LOAB, GOVERNOR\'S LODGE, BOYS QUARTERS ROOM III'),
(1368, 'LOAB, GOVERNOR\'S LODGE, BOYS QUARTERS ROOM IV'),
(1369, 'LOAB, GOVERNOR\'S LODGE, BOYS QUARTERS ROOM V'),
(1370, 'LOAB, GOVERNOR\'S LODGE, BUILDING'),
(1371, 'LOAB, D.GOV. LODGE BUILDING'),
(1372, 'LOAB, GOVERNOR\'S LODGE(GOVERNOR\'S ROOM)'),
(1373, 'LOAB, GOVERNOR\'S LODGE(HER EXCELLENCY ROOM)'),
(1374, 'LOAB, GOVERNOR\'S LODGE(STUDY ROOM)'),
(1375, 'LOAB, GOVERNOR\'S LODGE(CHILDREN ROOM)'),
(1376, 'LOAB, GOVERNOR\'S LODGE(2ND CHILDREN ROOM)'),
(1377, 'LOAB, GOVERNOR\'S LODGE(CORRIDOR)'),
(1378, 'LOAB, GOVERNOR\'S LODGE(A.D.C ROOM)'),
(1379, 'LOAB, GOVERNOR\'S LODGE(PRIVATE SITTING ROOM)'),
(1380, 'LOAB, GOVERNOR\'S LODGE(CHIEF DETAIL ROOM)'),
(1381, 'LOAB, GOVERNOR\'S LODGE(WAITING ROOM)'),
(1382, 'LOAB, GOVERNOR\'S LODGE(MAIN SITTING ROOM)'),
(1383, 'LOAB, GOVERNOR\'S LODGE(DINNING ROOM)'),
(1384, 'LOAB, GOVERNOR\'S LODGE(KITCHEN)'),
(1385, 'LOAB, GOVERNOR\'S LODGE(BUILDING)'),
(1386, 'LOAB, GOVERNOR\'S LODGE(VEHICLES)'),
(1387, 'LOAB, P.S ROOM(MAIN SITTING ROOM) IST AVENUE '),
(1388, 'LOAB, P.S ROOM(MASTER BEDROOM) IST AVENUE '),
(1389, 'LOAB, P.S ROOM(BEDROOM 2) IST AVENUE '),
(1390, 'LOAB, P.S ROOM(BEDROOM 3) IST AVENUE '),
(1391, 'LOAB, P.S ROOM(BEDROOM 4) IST AVENUE '),
(1392, 'LOAB, P.S ROOM(KITCHEN) IST AVENUE '),
(1393, 'LOAK, GOVERNOR\'S LODGE(SITTING ROOM)'),
(1394, 'LOAK, GOVERNOR\'S LODGE(BEDROOM) MASTER'),
(1395, 'LOAK, GOVERNOR\'S LODGE(VISITOR\'S ROOM)'),
(1396, 'LOAK, GOVERNOR\'S LODGE(VISITOR\'S BEDROOM)'),
(1397, 'LOAK, GOVERNOR\'S LODGE(VISITOR\'S ROOM3)'),
(1398, 'LOAK, GOVERNOR\'S LODGE(KITCHEN)'),
(1399, 'LOAK, GOVERNOR\'S LODGE'),
(1400, 'LOAK, GOVERNOR\'S LODGE(B/Q ROOM 1)'),
(1401, 'LOAK, GOVERNOR\'S LODGE(B/Q ROOM 2)'),
(1402, 'Liaison Officer\' Office'),
(1403, 'S.A OFFICE'),
(1404, 'ASST.C.EXECUTIVE OFFICER ADMIN/ACCOUNTS'),
(1405, 'FRONT SITTING ROOM'),
(1406, 'BACK SITTING ROOM'),
(1407, 'UNCOMPLETED BUILDING'),
(1408, 'ODUDUWA CRESCENT,IKEJA GRA'),
(1409, 'OJO OLOBUN'),
(1410, 'DFA (ANTEROOM)'),
(1411, 'DIRECTOR(ANTEROOM)'),
(1412, 'COMPUTER ROOM'),
(1413, 'MAIN LIBRARY(ROOM1)'),
(1414, 'MAIN LIBRARY'),
(1415, 'REFERENCE SECTION'),
(1416, 'CHILDREN LIBRARY'),
(1417, 'MAIN LIBRARY ROOM3'),
(1418, 'MAIN LIBRARY ROOM2'),
(1419, 'AUDIO VISUAL SECTION'),
(1420, 'COMMISSIONER 5/6 OFFICE'),
(1421, 'ANTEROOM'),
(1422, 'COMMISSIONER 3/4 OFFICE'),
(1423, 'COMMISSIONER 1/2 OFFICE'),
(1424, 'BPA\'S OFFICE'),
(1425, 'DIRECTOR, TRADING DEPT'),
(1426, 'DIRECTOR\'S ANTEROOM'),
(1427, 'DEPUTY DIRECTOR\'S OFFICE'),
(1428, 'DEPUTY DIRECTOR BPR/S'),
(1429, 'DIRECTOR\' OFFICE'),
(1430, 'PBP/RS DIRS OFFICE'),
(1431, 'APPOINTMENT AND POSTING DIRECTOR'),
(1432, 'DIRECTOR OF FINANCE OFFICE'),
(1433, 'DIRECTOR\'S ANTI ROOM'),
(1434, 'INTERNAL AUDIT'),
(1435, 'ANTI ROOM'),
(1436, 'PS ANTEROOM'),
(1437, 'LEGAL AND INFORMATION UNIT'),
(1438, 'ANTEROOM I'),
(1439, 'PA TO THE CHAIRMAN'),
(1440, 'SEC. TO DIRECTOR\'S OFFICE'),
(1441, 'DIR. ESTABLISHMENT DEPT.'),
(1442, 'SEO\'S OFFICE'),
(1443, 'GAD B'),
(1444, 'SPECIAL DUTIES DEPT'),
(1445, 'MIC.CREDIT AGENCY DAS'),
(1446, 'CHAIRMAN ANTI-ROOM');
INSERT INTO `office` (`id`, `office`) VALUES
(1447, 'ANTI-ROOM ONE'),
(1448, 'SECS OFFICE'),
(1449, 'RECEPTION ONE'),
(1450, 'PLANNING OFFICE'),
(1451, 'ACCOUNT DEPT'),
(1452, 'LOAN UNIT'),
(1453, 'AUDIT DEPT'),
(1454, 'LOAN EXTENTION'),
(1455, 'AUDIT ANTEROOM'),
(1456, 'LOANS OFFICE'),
(1457, 'DEPUTY DIRECTOR LOANS'),
(1458, 'DEPUTY DIRECTOR B'),
(1459, 'DEPUTY DIRECTOR C'),
(1460, 'LOAN SECS OFFICE'),
(1461, 'ANTI-ROOM'),
(1462, 'CASHIER\'S OFFICE'),
(1463, 'MCA IGEDE EKITI'),
(1464, 'MCA IJERO EKITI'),
(1465, 'MCA IKOLE EKITI'),
(1466, 'MCA EMURE EKITI'),
(1467, 'MICRO CREDIT AGENCY OYE EKITI'),
(1468, 'MCA IDO EKITI OFFICE'),
(1469, 'MCA IKERE EKITI, GENERAL OFFICE'),
(1470, 'MCA IKERE EKITI, ZONAL OFFICE'),
(1471, 'MICRO CREDIT AGENCY OTUN EKITI'),
(1472, 'MCA ISE EKITI'),
(1473, 'MCA OMUO EKITI'),
(1474, 'Micro Credit Agency-ILAWE'),
(1475, 'MICRO CREDIT AGENCY EFON ALAAYE '),
(1476, 'SA MDG\'S OFFICE'),
(1477, 'PA MDGS'),
(1478, 'PRESS OFFICER'),
(1479, 'CONF. SEC. TO SA OFFICE'),
(1480, 'PROJECT SUPPORT UNIT'),
(1481, 'SAS MDGs'),
(1482, 'ANTEROOM SEC TO MDG'),
(1483, 'SECRETARY MDGs OFFICE'),
(1484, 'SEC TO SA OFFICE'),
(1485, 'DAS ANTEROOM'),
(1486, 'CEO\'S ANTEROOM'),
(1487, 'CEO\'S OFFICE'),
(1488, 'PRODUCE DEPT'),
(1489, 'DIR. OF PRODUCE ANTEROOM'),
(1490, 'DIR. OF PRODUCE '),
(1491, 'DEPUTY DIRECTOR, PRODUCE UNIT'),
(1492, 'DIR, PRS ANTEROOM'),
(1493, 'DIR, PRS '),
(1494, 'DEP. DIR. VETERINARYY SERVICES'),
(1495, 'PRS'),
(1496, 'DIR. AGRIC SERVICES'),
(1497, 'DIR. AGRIC SERVICES ANTEROOM'),
(1498, 'AGRIC SERVICES'),
(1499, 'DIR. VETERINARY SERVICES'),
(1500, 'COMMISSIONER\'S ANTEROOM'),
(1501, 'DIRECTORATE OF FARM'),
(1502, 'SETTLEMENT AND PEASANT '),
(1503, 'FARMER DEVELOPMENT'),
(1504, 'GM, FARM SETTLEMENT'),
(1505, 'DFA, FARM SETTLEMENT'),
(1506, 'CASHIER FARM SETTLEMENT'),
(1507, 'DEP. DIR FARM SETTLEMENT'),
(1508, 'DIR. FARM SETTLEMENT ANTEROOM'),
(1509, 'DIR. FARM SETTLEMENT'),
(1510, 'INTERNAL AUDITOR\'S OFFICE'),
(1511, 'MOA OTUN EKITI OFFICE'),
(1512, 'LIFE STOCK DEPARTMENT'),
(1513, 'DIR. LIVESTOCK SERVICES'),
(1514, 'FISHERIES'),
(1515, 'AFFORESTATION DEPT'),
(1516, 'DFA ANTEROOM'),
(1517, 'DIR. AFFORESTATION'),
(1518, 'FARM SETTLEMENT'),
(1519, 'DIR. FISHERIES'),
(1520, 'DIR. FISHERIES ANTEROOM'),
(1521, 'DRIVER\'S SECTION'),
(1522, 'CASHIER\'S OFFFICE'),
(1523, 'MOA ABBATTOIR IWOROKO RD, LIFESTOCK OFFICE'),
(1524, 'MOA ABBATTOIR IWOROKO RD, VETERINARY'),
(1525, 'MOA ABBATTOIR IWOROKO RD, MR ASERERI\'S OFFICE'),
(1526, 'MOA ABBATTOIR IWOROKO RD, MR OLUBUNMO\'S OFFICE'),
(1527, 'MOA ABBATTOIR IWOROKO RD, VET. DOCTOR\'S OFFICE'),
(1528, 'MOA ABBATTOIR IWOROKO RD, CONTROL POST OFFICE'),
(1529, 'PLANNING RESEARCH & STATISTICS'),
(1530, 'MINISTRY OF ARTS AND CULTURE'),
(1531, 'DAS, SECRETARY'),
(1532, 'PS, ANTEROOM'),
(1533, 'MONITORING AND EVELUATION UNIT'),
(1534, 'TECHNICAL UNIT'),
(1535, 'DIRECTOR, PME\'S OFFICE'),
(1536, 'DIRECTOR, PME\'S OFFICE, ANTEROOM'),
(1537, 'DIRECTOR MULTILATERAL OFFICE'),
(1538, 'DIRECTOR MULTILATERAL OFFICE, ANTEROOM'),
(1539, 'MULTILATERAL DEPT., ROOM I'),
(1540, 'MULTILATERAL DEPT., ROOM II'),
(1541, 'COMMISSIONER\'S OFFICE,  ANTEROOM'),
(1542, 'COMMISSIONER, SECRETARY ROOM'),
(1543, 'P.A OFFICE'),
(1544, 'HALL'),
(1545, 'PEO/PRESS OFFICE'),
(1546, 'PME, ENGR. OFFICE III'),
(1547, 'PPRS OFFICE III'),
(1548, 'PPRS OFFICE II'),
(1549, 'DIRECTOR PPRS'),
(1550, 'DFA SEC'),
(1551, 'LIBRARY'),
(1552, 'DIRECTOR OF BUDGET'),
(1553, 'DIRECTOR ANTIE ROOM'),
(1554, 'OFFICE ROOM 1'),
(1555, 'OFFICE ROOM '),
(1556, 'ROOM '),
(1557, 'ROOM  3'),
(1558, 'HALL 2'),
(1559, 'P.M.E SSA MONITORING'),
(1560, 'SSA PLANNING OFFICE'),
(1561, 'SSA ANTIE ROOM'),
(1562, 'PS OFFICE ANTI ROOM'),
(1563, 'ANTI ROOM COMM\'S OFFICE'),
(1564, 'COMM\'S OFFICE'),
(1565, 'DIR INVESTMENT DEPT'),
(1566, 'DIR\'S ANTIROOM'),
(1567, 'DEPUTY DIR INVESTMENT'),
(1568, 'COMMERCE DEPT COMPUTERIZATION OF BUSINESS PREMISES'),
(1569, 'COMPUTERISATION OF BUS. PREMISES UNIT'),
(1570, 'SMALL/MEDIUMENTERPRISE DEPT'),
(1571, 'SMALL/MEDIUMENTERPRISE DEPT DIR., OFFICE'),
(1572, 'REGISTRY, DSMI'),
(1573, 'PRESS OFFICER\'S OFFICE'),
(1574, 'STORE/AUDIT DEPT'),
(1575, 'COMMISSIONER\'S OFFICE ANTEROOM'),
(1576, 'INTERNAL AUDIT UNIT'),
(1577, 'ACCOUNT &  SALARY SECTION'),
(1578, 'P.A COMMISSIONER'),
(1579, 'ACCOUNT SECTION II'),
(1580, 'PLANNING REGISTRY'),
(1581, 'ADMIN OFFICER'),
(1582, 'OFFICE OF PASS'),
(1583, 'SCHOOL AUDIT OFFICE'),
(1584, 'DFA\'S ANTEROOM'),
(1585, 'DIRECTOR OF INSPECTORATE'),
(1586, 'DEP. DIRECTOR INSPECTORATE'),
(1587, 'DEP. DIRECTOR INSPECTORATE II'),
(1588, 'INSPECTORATE (ROOM4)'),
(1589, 'EVALUATION&STANDARD DEPT'),
(1590, 'DEP.DIR. EVALUATION&STANDARD DEPT'),
(1591, 'DIR. EVALUATION&STANDARD ANTEROOM'),
(1592, 'DEP.DIR. PHYSICAL PLANNING'),
(1593, 'CEO PLANNING'),
(1594, 'DEPUTY DIRECTOR, PRS'),
(1595, 'DEP. DIRECTOR, TERTIARY EDUCATION DEPT'),
(1596, 'PLANNING DIRECTOR OFFICE'),
(1597, 'PLANNING DIRECTOR OFFICE ANTEROOM'),
(1598, 'EMIS ROOM I'),
(1599, 'EMIS ROOM II'),
(1600, 'SPECIAL EDUCATION UNIT'),
(1601, 'INSPECTORATE DEPT'),
(1602, 'SCHOOL DEPT'),
(1603, 'SECONDARY SCHOOL DEPT'),
(1604, 'DEPUTY DIRECTOR OF SCHOOLS'),
(1605, 'DIRECTOR SCHOOLS'),
(1606, 'DIRECTOR SCHOOLS(ANTEROOM)'),
(1607, 'TERTIARY DEPT'),
(1608, 'NUR. PRY & NORMADIC EDUCATION'),
(1609, 'CAR INVENTORY'),
(1610, 'HEAD, EMIS OFFICE'),
(1611, 'DIRECTOR, SCIENCE TECH&MATHS DEPT. '),
(1612, 'DIRECTOR, SCIENCE TECH&MATHS DEPT., ANTEROOM'),
(1613, 'DEPUTY DIRECTTOR'),
(1614, 'ASSISTANT DIRECTOR\'S OFFICE'),
(1615, 'PEO\'S OFFICE'),
(1616, 'MATHS IMPROVEMENT PROGRAM'),
(1617, 'EO\'S OFFICE'),
(1618, 'DEPUTY DIRECTOR, SCHOOL SPORTS DEPT'),
(1619, 'SEO, SCHOOL SPORTS DEPT'),
(1620, 'DIRECTOR, SCHOOL SPORTS DEPT., ANTEROOM'),
(1621, 'REGISTRAR, EXAM DIVISION, ANTEROOM'),
(1622, 'REGISTRAR, EXAM DIVISION'),
(1623, 'EXAM DIVISION'),
(1624, 'COMMISSIONER  ANTEROOM OFFICE'),
(1625, 'DIR. PLANNING, RESEARCH AND STATISTICS'),
(1626, 'DIR. ENVIRONMENTAL HEALTH&SANITATION'),
(1627, 'DIR. OF FORESTRY'),
(1628, 'DIR. OF FORESTRY ANTEROOM'),
(1629, 'DIR. ENVIRONMENTAL HEALTH&SANITATION, ANTEROOM'),
(1630, 'DIR. ENFORCEMENT & COMPLIANCE'),
(1631, 'DIR. NON-TIMBER FOREST PRODUCTION'),
(1632, 'S.A FOREST DEPT'),
(1633, 'DIR. PLANTATION DEPT & AGRO FORESTRY'),
(1634, 'DIR. FORESTRY EXTENSION SERVICE'),
(1635, 'HALL II'),
(1636, 'CHIEF INT.AUDITOR/PREES OFFICE'),
(1637, 'EH&S TASK FORCE'),
(1638, 'SEPA VEHICLE'),
(1639, 'OFFICE OF ESTABLISHMENT'),
(1640, 'MOF IKOLE EKITI, TREASURING CASHIER OFFICE'),
(1641, 'UNDER SECRETARY\'S OFFICE'),
(1642, 'SECRETARY(DAS)'),
(1643, 'SA TO THE COMMISSIONER'),
(1644, 'ACEO(EXPENDITURE OFFICE)'),
(1645, 'REGISTRY(EXPENDITURE)'),
(1646, 'HEO, EXPENDITURE'),
(1647, 'US,EXPENDITURE'),
(1648, 'US-STATE FINANCE'),
(1649, 'COMPUTER ROOM-STATE FINANCE'),
(1650, 'DEBT MGT- STATE FINANCE'),
(1651, 'SEO-STATE FINANCE'),
(1652, 'COMMISSIONER(ANTEROOM)'),
(1653, 'COMMISSIONER OFFICE'),
(1654, 'ACCT DEPT(SALARY SECTION'),
(1655, 'INTERNAL AUDIT 1'),
(1656, 'INTERNAL AUDIT 2'),
(1657, 'DIRECTOR EXPENDITURE(ANTEROOM)'),
(1658, 'DIRECTOR OF EXPENDITURE'),
(1659, 'DIR. STATE FINANCE(ANTEROOM)'),
(1660, 'DIRECTOR STATE FINANCE'),
(1661, 'OTHER CHARGES 1'),
(1662, 'OTHER CHARGES 11'),
(1663, 'DFA,(ANTEROOM)'),
(1664, 'STATE FINANCE-REGISTRY'),
(1665, 'SAS(RE)'),
(1666, 'DIR, STATE FINANCE 11'),
(1667, 'P.M(F&A)'),
(1668, 'COMMISIONER\'S CORRIDOR'),
(1669, 'COMMISIONER\' WAITING ROOM'),
(1670, 'COMMISSIONER OFF. EX.'),
(1671, 'MOF EMURE EKITI, TREASURY CASH OFFICE'),
(1672, 'MOF, TREASURY CASH OFFICE ODE EKITI'),
(1673, 'MOF TREASURY OFFICE, IKOLE EKITI'),
(1674, 'GENERAL OFFICE-IKERE'),
(1675, 'MOF, TREASURY DEPT EFON ALAAYE,TCO\'S OFFICE'),
(1676, 'MOF, TREASURY DEPT EFON ALAAYE, CASHIER\'S OFFICE'),
(1677, 'PEO\'S IKERE'),
(1678, 'MIN. OF HEALTH COMMISSIONER OFFICE'),
(1679, 'COMMISSIONER\'S ANTE-ROOM'),
(1680, 'SECREATARY\'S OFFICE'),
(1681, 'ACCT/SALARY SECTION'),
(1682, 'PS ANTI ROOM'),
(1683, 'PAS OFFICE'),
(1684, 'DAS ANTI ROOM'),
(1685, 'TECHNICAL SECTION'),
(1686, 'DAF ANTIE ROOM'),
(1687, 'CEO ANTIE ROOM'),
(1688, 'CEO OFFICE'),
(1689, 'DIRECTOR OF PUBLIC HEALTH'),
(1690, 'ANTIE ROOM'),
(1691, 'DIRECTOR  DISEASE CONTROL'),
(1692, 'DEPUTY DIRECTOR, PHARMACY'),
(1693, 'DIRECTOR PHARCMACY'),
(1694, 'DIRECTOR HOSPITAL SERVICES'),
(1695, 'DIRECTOR\'S ANTIE ROOM'),
(1696, 'DIRECTOR OF HOSPITAL SAVICES AND TRANNING'),
(1697, 'DIRECTOR OF NURSING OFFICE'),
(1698, 'DEPUTY  DIRECTOR\'S OFFICE'),
(1699, 'EMERGENCY PREPAREDNESS DEPARTMENT'),
(1700, 'EPID/DISEASE SURVAILLANCE OFFICE'),
(1701, 'DOCTOR\'S TABLE'),
(1702, 'STAFF CLINIC'),
(1703, 'YELLOW INOCULATION UNIT'),
(1704, 'DRIVER\'S UNIT'),
(1705, 'PUBLIC HEALTH DEAPRTMENT'),
(1706, 'TB 8 LEPROSY  CONTROL'),
(1707, 'LIBRARY SECTION - DATA BANK'),
(1708, 'Brueau Of TransformationR ROOM - DATA BANK'),
(1709, 'DATA ENTRY UNIT - DATA BANK'),
(1710, 'CONFERENCE HALL - DATA BANK'),
(1711, 'DRIVER\'S OFFICE - DATA BANK'),
(1712, 'HIMIS OFFICE - DATA BANK'),
(1713, 'ACCOUNT UNIT - DATA BANK'),
(1714, 'DIR. OF PLANNING, SEC. OFFICE - DATA BANK'),
(1715, 'DIRECTOR\'S OFFICE - DATA BANK'),
(1716, 'ARCHITECT OFFICE - DATA BANK'),
(1717, 'ACCOUNT SECTION - DATA BANK'),
(1718, 'EDP OFFICE - DATA BANK'),
(1719, 'PROCUREMENT OFFICE - DATA BANK'),
(1720, 'PLANNING OFFICE - DATA BANK'),
(1721, 'STORE OFFICE - DATA BANK'),
(1722, 'COMMISSIONER ANTEROOM'),
(1723, 'SEC TO PS'),
(1724, 'PERMANENT SECRETARY'),
(1725, 'SECRETARY TO DAS'),
(1726, 'SEC. TO DIR, PLANNING, RESEARCH&STAT'),
(1727, 'DIR, PLANNING, RESEARCH&STAT'),
(1728, 'DIRECTOR HEADQUARTERS'),
(1729, 'PRESS ROOM'),
(1730, 'LINEAR FILM EDITING'),
(1731, 'PHOTO SECTION'),
(1732, 'DIRECTOR OF GENERAL PUBLICATION'),
(1733, 'NEWSROOM'),
(1734, 'GRAPHIC UNIT'),
(1735, 'GRAPHIC ROOM III'),
(1736, 'CHIEF FILM PRODUCER'),
(1737, 'CHIEF FILM OFFICE'),
(1738, 'DIRECTOR, CIVIL ORIENTATION'),
(1739, 'DIRECTOR, CIVIL ORIENTATION, ANTEROOM'),
(1740, 'OFFICE II'),
(1741, 'DIRECTOR\'S OFFICE ANTEROOM'),
(1742, 'PRESS OFFICER & HEO'),
(1743, 'STORE & AUDITOR\'S OFFICE'),
(1744, 'DIR. INTEGARTION OFFICE'),
(1745, 'CEO&PEO OFFICE'),
(1746, 'DIR. INTERGOVERNMENTAL AFFAIRS'),
(1747, 'ANTE-ROOM'),
(1748, 'PA\'S OFFICE'),
(1749, 'PA\'S OFFICE ANTIE ROOM'),
(1750, 'PS\'S OFFICE'),
(1751, 'DAS OFFICE ANTE ROOM'),
(1752, 'ACCOUNT DEPARTMENT'),
(1753, 'DPP OFFICE'),
(1754, 'CIVIL LITIGATION'),
(1755, 'LEGAL DRAFTING'),
(1756, 'DEPUTY DIRECTOR\'S'),
(1757, 'SECRETARIAL SERVICES'),
(1758, 'CITIZENS RIGHT'),
(1759, 'CITIZEN\'S RIGHT'),
(1760, 'STORE DEPT'),
(1761, 'DEPUTY DIR. CITIZEN\'S RIGHT'),
(1762, 'DIRECTOR, AG&PT'),
(1763, 'AG&PT ACCOUNT SECTION'),
(1764, 'DPP DEPT'),
(1765, 'LAW REVIEW'),
(1766, 'PRO, CITIZEN\'S RIGHT'),
(1767, 'LAW REVIEW OFFICE'),
(1768, 'LAW REFORM/STAISTICS'),
(1769, 'COMMISSIONER\'S, SEC. OFFICE'),
(1770, 'SOCIAL SECURITY DEPT'),
(1771, 'ADMIN EXTENSION'),
(1772, 'AUDIT&STORE ROOM'),
(1773, 'ASSISTANT DIRECTOR, SOCIAL SECURITY'),
(1774, 'DATA CENTRE ROOM'),
(1775, 'DIR. PLANNING, RESEARCH AND STATISTICS, ANTEROOM'),
(1776, 'DIRECTOR OF LABOUR'),
(1777, 'PS, OFFICE (LABOUR)'),
(1778, 'PS,SECRETARY OFFICE'),
(1779, 'COMMISIONERS OFFICE'),
(1780, 'SEC TO COMMISSIONER'),
(1781, 'COMMISIONER OF LG ANTIES ROOM'),
(1782, 'DIRECTOR OF LGA OFFICE'),
(1783, 'DIRECTOR OF LGA OFFICE ANTIES ROOM'),
(1784, 'ASST. DLG OFFICE'),
(1785, 'ASST. DLG OFFICE ANTIE ROOM'),
(1786, 'DFA OFFICE ANTE ROOM'),
(1787, 'P.S OFFICE'),
(1788, 'DPR&S OFFICE'),
(1789, 'SA OFFICE'),
(1790, 'FIRE ESTINGUISHER ROOM'),
(1791, 'PRIN. ASST SECRETARY'),
(1792, 'ASST SEC. FINANCE AND ADMIN'),
(1793, 'REGISTRY SECTION'),
(1794, 'RECORD FINANCE AND ADMIN'),
(1795, 'ASST.CHIEF EXECUTIVE OFFICER'),
(1796, 'OPEN REGISTRY OF ADMINAND SUPPLY'),
(1797, 'SSA TO THE GOV. ON LOCAL GOVT. AFFAIRS'),
(1798, 'INSPECTOR OFFICE'),
(1799, 'MAINTEANCE SECTION'),
(1800, 'MINISTRY OF LOCAL GOVRNEMENT'),
(1801, 'ARAMOKO(INSPECTORATE ANTEROOM)'),
(1802, 'ARAMOKO(ADMIN OFFICER\'S OFFICE)'),
(1803, 'ARAMOKO(OPEN REGISTRY)'),
(1804, 'SEC LGA'),
(1805, 'MOLG IDO EKITI, INSPECTOR DIVISION'),
(1806, 'MOLG IDO EKITI, ADMIN OFFICER\'S OFFICE'),
(1807, 'MOLG IDO EKITI, ANTEROOM'),
(1808, 'ARAMOKO(INSPECTOR\'S OFFICE)'),
(1809, 'MOLG IKERE EKITI, PEO\'S OFFICE'),
(1810, 'MOLG IKERE EKITI, PAO\'S OFFICE'),
(1811, 'MOLG IKERE EKITI, RECEPTION'),
(1812, 'SECRETARY TO PS'),
(1813, 'SEC TO THE DIRECTOR'),
(1814, 'INFRASTRUCTURE AND DEVELOPMENT DEPT'),
(1815, 'DIRECTOR\'S PLANNING, RESEARCH & STATISTICS'),
(1816, 'COMMISIONER\'S OFFICE'),
(1817, 'COMMISIONER\'S SECRETARY \'S OFFICE'),
(1818, 'WAITING ROOM COMMISIONER\'S OFFICE'),
(1819, 'DAS SECRETARY OFFICE'),
(1820, 'OPEN  REGISTRY'),
(1821, 'DIRECTOR FINANCE AND ACCOUNT'),
(1822, 'DEPUTY DIRECTOR OFFICE'),
(1823, 'SSA  OFFICE'),
(1824, 'ANTE  ROOM'),
(1825, 'DIRECTOR INFRASTRUCTURE & DEVELOPMENT'),
(1826, 'SECRETARY TO COOP- OPERATIVE'),
(1827, 'COOP- OPERATIVE ADMINISTRATION'),
(1828, 'SEC TO THE DEPUTY DIRECTOR'),
(1829, 'TAX FORCE UNIT'),
(1830, 'NULGE UNIT'),
(1831, 'DEPARTMENT CO- OPERATIVE UNIT'),
(1832, 'REGISTRATION & STATUTORY DUTIES'),
(1833, 'COOP REGISTRY'),
(1834, 'MINISTRY OF RUURAL DEVELOPMENT'),
(1835, 'MORD IJERO EKITI'),
(1836, 'MINISTRY OF RURAL DEVELOPMENT'),
(1837, 'DEPARTMENTAL ROOM'),
(1838, 'PA TO THE COMMISSIONER\'S OFFICE'),
(1839, 'P.M, OTHER CHARGES'),
(1840, 'DIR. OF SPECIAL DUTIES'),
(1841, 'PS OFFICE, ANTEROOM'),
(1842, 'STORE AND AUDIT UNIT'),
(1843, 'PS, OFFICE'),
(1844, 'MORD IKOLE EKITI, ZONAL OFFICE'),
(1845, 'HIGHER EXECUTIVE OFICER'),
(1846, 'PRINCIPAL EXECUTIVE OFFICER/ASS. SECRETARY'),
(1847, 'GM, PLANNING PERMIT AGENCY'),
(1848, 'SEC TO THE GENERAL MANAGER'),
(1849, 'DIR. PLANNING PERMIT AGENCY'),
(1850, 'SEC TO THE DIR. PLANNING PERMIT AGENCY'),
(1851, 'DIR. URBAN & REGIONAL PLANNING'),
(1852, 'DIR. URBAN & REGIONAL PLANNING ANTEROOM'),
(1853, 'DEPUTY DIRECTOR URBAN II'),
(1854, 'DEVELOPMENT CONTROL STUDIO'),
(1855, 'DEPUTY DIRECTOR URBAN I'),
(1856, 'SEC TO THE DEPUTY DIRECTOR URBAN I'),
(1857, 'DIR. DEVELOPMENT CONTROL'),
(1858, 'SEC TO DIR. DEVELOPMENT CONTROL'),
(1859, 'DIR. PLANNING RESEARCH AND STATISTICS'),
(1860, 'ZONAL TOWN PLANNING'),
(1861, 'TECHNICAL DEPARTEMENT'),
(1862, 'SECRETARY TO DIR. PRS'),
(1863, 'ZONE I'),
(1864, 'ZONE II'),
(1865, 'MOU IDO OSI'),
(1866, 'MOU IKOLE EKITI'),
(1867, 'MOU IKOLE EKITI, AREA OFFICER\'S OFFICE'),
(1868, 'MOU IKOLE EKITI, ZONAL OFFICER\'S OFFICE'),
(1869, 'MOU IKOLE EKITI, STORE'),
(1870, 'MOU ILAWE EKITI'),
(1871, 'MOU ISE EKITI, ROOM I'),
(1872, 'MOU ISE EKITI, ROOM II'),
(1873, 'MOU OMUO EKITI'),
(1874, 'MOU OMUO EKITI, ZONAL TOWN PLANNING OFFICE'),
(1875, 'MOU OMUO EKITI, REVENUE OFFICE'),
(1876, 'MOU OMUO EKITI, ZONAL LANDS OFFICER'),
(1877, 'MOU ARAMOKO EKITI, TOWN PLANNING DEPT'),
(1878, 'MOU ARAMOKO EKITI, AREA OFFICER\'S OFFICE'),
(1879, 'MOU, TOWN PLANNING DEPT'),
(1880, 'IJERO'),
(1881, 'MOU OTUN EKITI'),
(1882, 'MOU, TOWN PLANNING IYE EKITI'),
(1883, 'MOU EFON ALAAYE'),
(1884, 'MOU IKERE EKITI, CLERICAL OFFICE'),
(1885, 'MOU IKERE EKITI, BUREAU OF LAND'),
(1886, 'MOU OYE ZONE OFFICE, AREA OFFICER\'S OFFICE'),
(1887, 'MOU OYE ZONE OFFICE,  ROOM 2 (OPEN OFFICE)'),
(1888, 'MOWA'),
(1889, 'COMMISIONER ANTE-ROOM'),
(1890, 'OFFICE OF THE SEC TO THE COMMISIONER'),
(1891, 'PERMANENT SEC OFFICE'),
(1892, 'ANTE-ROOM PERM SEC'),
(1893, 'SECRETARY TO PERM SEC'),
(1894, 'DIRECTOR ADMIN & SUPPLIES'),
(1895, 'DFA\'S ANTE-ROOM'),
(1896, 'AUDITORS OFFICE'),
(1897, 'PRESS OFFICERS OFFICE'),
(1898, 'DIR. PLANNING & STATISTICS'),
(1899, 'DEPUTY DIR. PRS'),
(1900, 'DIR. WOMEN AFFAIRS'),
(1901, 'DIR. WOMEN AFFAIRS ANTEROOM'),
(1902, 'DEP. DIR. WOMEN AFFAIRS'),
(1903, 'DIR. CHILD DEVELOPMENT'),
(1904, 'SEC. TO DIR. CHILD DEVELOPMENT'),
(1905, 'DEP. DIR. CHILD DEVELOPMENT'),
(1906, 'SEC. TO DEP. DIR. CHILD DEVELOPMENT'),
(1907, 'DIR. OFFICE SOCIAL DEVELOPMENT'),
(1908, 'SEC TO DIR. OFFICE SOCIAL DEVLT'),
(1909, 'ERELU ADEBAYO CHILDREN\'S HOME'),
(1910, 'ERELU ADEBAYO CHILDREN\'S HOME(MATRON OFFICE)'),
(1911, 'CHILDREN\'S HOME(SOCIAL WORKER OFFICE)'),
(1912, 'CHILDREN\'S HOME(OPEN HALL)'),
(1913, 'CHILDREN\'S HOME(SEATING ROOM)'),
(1914, 'CHILDREN\'S HOME(BABY BEDROOM)'),
(1915, 'CHILDREN\'S HOME(CHILDREN HOME)'),
(1916, 'CHILDREN\'S HOME(DAILING ROOM)'),
(1917, 'CHILDREN\'S HOME(MATRON RESIDENCE)'),
(1918, 'CHILDREN\'S HOME(SECURITY RESIDENCE)'),
(1919, 'MOWA FAMILY COURT, COURT ROOM'),
(1920, 'MOWA FAMILY COURT, SOCIAL WORKER OFFICE'),
(1921, 'MOWA FAMILY COURT, PROBATION OFFICER'),
(1922, 'MOWA FAMILY COURT, STORE OFFICE'),
(1923, 'MOWA CHILDREN CORRECTION DEPT, FEMALE DEPT'),
(1924, 'MOWA CHILDREN CORRECTION DEPT, MALE DEPT'),
(1925, 'MOWA CHILDREN CORRECTION DEPT, MALE ROOM'),
(1926, 'MOWA CHILDREN CORRECTION DEPT, KITCHEN'),
(1927, 'MOWA CHILDREN CORRECTION DEPT, FEMALE BEDROOM'),
(1928, 'SOCIAL INTERVENTION CENTRE-BUILDING 1'),
(1929, 'BUILDING 1-FLAT 1, ROOM 1'),
(1930, 'BUILDING 1-ROOM 2'),
(1931, 'BUILDIN 1-LIVING ROOM'),
(1932, 'BUILDING 1-LIVING ROOM'),
(1933, 'BUILDING 1-FLAT 2, ROOM'),
(1934, 'BUIILDING 1-FLAT 2,ROOM'),
(1935, 'BUILDING 1-FLAT 2, ROOM 2'),
(1936, 'BUILDING 1-FLAT 2,ROOM 2'),
(1937, 'BUILDING 1-LIVING ROOM,FLAT 2'),
(1938, 'BUILDING 1-KITCHEN'),
(1939, 'BUILDING 2, FLAT 3.ROOM 1'),
(1940, 'BUILDING 1-FLAT 3-ROOM 1'),
(1941, 'BUILDING 2-FLAT 3-ROOM 1'),
(1942, 'BUILDING 2-FLAT 3,ROOM'),
(1943, 'BUILDING 2-FLAT 3,LIVING ROOM'),
(1944, 'BUILDING 2-FLAT 4,ROOM 1'),
(1945, 'BUILDING 2-FLAT 4,ROOM 2'),
(1946, 'BUILDING 2-FLAT 4,ROOM 2G'),
(1947, 'BUILDING 2-FLAT 4,LIVING ROOM'),
(1948, 'BUILDING 2-FLAT 4, LIVING ROOM'),
(1949, 'BUILDING 3-FLAT 5,ROOM 1'),
(1950, 'BUILDING 3-FLAT 5,ROOM 2'),
(1951, 'BUILDING 3-FLAT 5,LIVING ROOM'),
(1952, 'BUILDING 3-FLAT 6,ROOM 1'),
(1953, 'BUILDING 3-FLAT 6,ROOM 2'),
(1954, 'BUILDING 3-FLAT 6,LIVING ROOM'),
(1955, 'BUILDING 4-FLAT 7,ROOM 1'),
(1956, 'BUILDING 4-FLAT 7,STORE'),
(1957, 'BUILDING 4-FLAT 7,DINING ROOM'),
(1958, 'BUILDING 4-FLAT 7,KITCHEN'),
(1959, 'BUILDING 4-MATRON\'S OFFICE'),
(1960, 'BUILDING 4-PERSONNEL/OFFICER'),
(1961, 'BUILDING 4-ASSISTANT MATRON'),
(1962, 'BUILDING 4-STORE'),
(1963, 'MOWA IJERO EKITI, ZONAL OFFICER\'S OFFICE'),
(1964, 'MOWA IJERO EKITI, JUVENILE COURT ROOM'),
(1965, 'MOWA IJERO EKITI, CASE WORKER OFFICE'),
(1966, 'MOWA IDO EKITI, ZONAL SOCIAL WELFARE-CHAMBER'),
(1967, 'MOWA IDO EKITI, ZONAL OFFICER\'S OFFICE'),
(1968, 'MOWA IDO EKITI, ASSISTANT ZONAL OFFICER\'S OFFICE'),
(1969, 'MOWA IDO EKITI, REGISTRY'),
(1970, 'MOWA IKOLE EKITI, ZONAL OFFICER\'S OFFICE'),
(1971, 'MOWA, WOMEN DEVLPT CENTER, COMPUTER ROOM'),
(1972, 'MOWA, WOMEN DEVLPT CENTER, COMPUTER ROOM EXT.'),
(1973, 'MOWA, WOMEN DEVLPT CENTER, ELECTRICAL OFFICE'),
(1974, 'MOWA, WOMEN DEVLPT CENTER, FASHION DEPT'),
(1975, 'MOWA, WOMEN DEVLPT CENTER IGEDE EKITI'),
(1976, 'MOWA, WOMEN DEVLPT CENTER, CATERING DEPT'),
(1977, 'MOWA, WOMEN DEVLPT CENTER, HAIR DRESSING DEPT'),
(1978, 'MOWA, WOMEN DEVLPT CENTER, TEXTILE DEPT'),
(1979, 'MOWA, WOMEN DEVLPT CENTER IGEDE, AUDITORIUM'),
(1980, 'MOWA, WOMEN DEVLPT CENTER, SECURITY ROOM'),
(1981, 'MOWA IKOLE EKITI, OPEN OFFICE'),
(1982, 'MOWA, WOMEN DEVLPT CENTER, PRINCIPAL HOUSE'),
(1983, 'MOWA, WOMEN DEVLPT CENTER, PRINCIPAL OFFICE'),
(1984, 'MOWA, WOMEN DEVLPT CENTER, ADMIN OFFICE'),
(1985, 'MOWA, WOMEN DEVLPT CENTER, STORE OFFICE'),
(1986, 'MOWA IKOLE EKITI, SOCIAL WELFARE OFFICE'),
(1987, 'ZONAL OFFICER\'SROOM-IKERE'),
(1988, 'ASST.SOCIAL WELFARE-IKERE'),
(1989, 'PS VISITOR\'S ROOM'),
(1990, 'PS, SECRETARY\'S OFFICE'),
(1991, 'COMMISSIONER\'S OFFICE(ANTEROOM)'),
(1992, 'COMMISSIONER\'S OFFICE(VISITOR\'S ROOM)'),
(1993, 'CARS FOR COMMISSIONER/PS'),
(1994, 'DAS WAITING ROOM'),
(1995, 'PRESS OFFICE(CAMERAMAN)'),
(1996, 'REVENUE OFFICE'),
(1997, 'PERSONNEL'),
(1998, 'ACCOUNT OPEN REGISTRY'),
(1999, 'SECRETARY TO THE DIRECTOR\'S OFFICE'),
(2000, 'OFFICE OF THE DEPUTY DIRECTOR'),
(2001, 'REGISTRY UNIT'),
(2002, 'MECH ENG. DEPT. DIRECTOR\'S OFFICE'),
(2003, 'SECRETSRY TO THE DIRECTOR'),
(2004, 'ANTEROOM AUDIT DEPT'),
(2005, 'MOWT IKOLE EKITI, ROAD OFFICE'),
(2006, 'MOWT IKOLE EKITI, ELECTRICAL OFFICE'),
(2007, 'MOWT IKOLE EKITI, STORE KEEPER OFFICE'),
(2008, 'MOWT IKOLE EKITI, ADMIN OFFICE'),
(2009, 'AREA MECHANICAL ENGINEER'),
(2010, 'CAR'),
(2011, 'ELECTRICAL DEPT(DIRECTOR\'S OFFICE)'),
(2012, 'SECRETARY TO DIRECTOR\'S OFFICE'),
(2013, 'ENGINEERING OFFICE(ROOM 1) ELECT DEPT'),
(2014, 'ENGINEERING OFFICE(ROOM 2) ELECT DEPT'),
(2015, 'ENGINEERING OFFICE(ROOM 3) ELECT DEPT'),
(2016, 'TECHNOLOGIST OFFICE(ELECT DEPT)'),
(2017, 'GENERAL OFFICE (ELECTRICAL DEPT)'),
(2018, 'DRAWING OFFICE(ELECTRICAL DEPT)'),
(2019, 'ELECTRONIC OFFICE(ELCT DEPT)'),
(2020, 'DIRECTOR\'S OFFICE(PLANNING DEPT)'),
(2021, 'DEPUTY DIRECTOR(PLANNING DEPT)'),
(2022, 'PLANNING/ GEOLOGIST OFFICE'),
(2023, 'ENGINEER\'S OFFICE(PLANNING DEPT)'),
(2024, 'SURVEYOR\'S OFFICE(PLANNING DEPT)'),
(2025, 'CLERICAL OFFICE(PLANNING DEPT)'),
(2026, 'TECHNOLOGIST OFFICE(PLANNING DEPT)'),
(2027, 'LABORATORY(PLANNING DEPT)'),
(2028, 'DIRECTOR\'S OFFICE(CIVIL DEPT)'),
(2029, 'SEC TO DIRECTOR(CIVIL DEPT)'),
(2030, 'CLERK OFFICE(CIVIL DEPT)'),
(2031, 'SEC TO PRINCIPAL RESIDENT ENGINEER'),
(2032, 'PRE\'S OFFICE(CIVIL DEPT)'),
(2033, 'PROJECT OFFICE(ROAD SECTION)(CIVIL DEPT)'),
(2034, 'DIRECTOR CIVIL\'S CAR'),
(2035, 'CHIEF RESIDENT ENGINEER(CIVIL DEPT)'),
(2036, 'SECRETARY TO CRE(CIVIL DEPT)'),
(2037, 'DAS CAR'),
(2038, 'DIR., VIO\'S OFFICE(ADEHUN)'),
(2039, 'PATROL ROOM'),
(2040, 'CARS AT VIO'),
(2041, 'ELETREICITY OFFICE'),
(2042, 'MINISTRY OF WORKS AND TRANSPORT'),
(2043, 'MOWT IKOLE EKITI, DEEN OFFICE'),
(2044, 'ROAD OFFICE'),
(2045, 'SECRETARY DIVISIONAL OFFICE'),
(2046, 'DIVISIONAL OFFICE'),
(2047, 'MOWT VIO AND TRANSPORT, VEHICLE INSPECTOR OFFICE'),
(2048, 'PEO, ASS EXECUTIVE OFFICE'),
(2049, 'DFA,S OFFICE'),
(2050, 'DIRECTOR, SPORTS'),
(2051, 'DIRECTOR REHABILITATION'),
(2052, 'YOUTH DEPT.'),
(2053, 'ADMIN\'S OFFICE'),
(2054, 'AUDIT SECTION'),
(2055, 'AUDIT DEPARTMENT'),
(2056, 'AUDITOR GENERAL FOR LG'),
(2057, 'DHQ'),
(2058, 'ADMIN DEPT'),
(2059, 'AG\'S OFFICE'),
(2060, 'AG\'S ANTEROOM'),
(2061, 'DR ARAMOKO\'S OFFICE'),
(2062, 'DR IKERE OFFICE'),
(2063, 'OFFICE'),
(2064, 'SECRETARY to OCS'),
(2065, 'SECURITY to OCS'),
(2066, 'PA/SA to OCS'),
(2067, 'SA & PA OFFICE'),
(2068, 'SOA SOCIAL SECURITY'),
(2069, 'DEPUTY CHIEF OF STAFF OFFICE'),
(2070, 'PS, SEC OFFICE'),
(2071, 'PENSION BOARD'),
(2072, 'PENSION BOARD SEC.'),
(2073, 'PENSION BOARD< ACCT SECTION'),
(2074, 'PENSION BOARD, REGISTRY SECTION'),
(2075, 'PENSION BOARD(CEOTP) OFFICE'),
(2076, 'CEO PENSION OFFICE'),
(2077, 'SEC. LOAN BOARD OFFICE'),
(2078, 'SEC. LOAN BOARD OFFICE, ANTEROOM'),
(2079, 'ACCOUNTANT, LOAN BOARD'),
(2080, 'ACCOUNTANT, SEC. LOAN BOARD'),
(2081, 'AUDIT LOAN BOARD DEPT'),
(2082, 'STAFF HOUSING LOAN BOARD'),
(2083, 'PEO, ADMIN'),
(2084, 'REGISTRY LOAN BOARD'),
(2085, 'ESTAB. AUDITOR\'S OFFFICE'),
(2086, 'LOAN BOARD ACCOUNT OFFICE'),
(2087, 'ESTAB. DIRECTOR'),
(2088, 'DIRECTOR, SEC. OFFICE'),
(2089, 'SERVICE MATTER&INDUSTRIAL RELATIONS'),
(2090, 'SERVICE MATTER&INDUSTRIAL RELATIONS, OFFICE II'),
(2091, 'SENIOR ASSISTANT SECRETARY'),
(2092, 'UNDER SECRETARY, ANTEROOM'),
(2093, 'DIR. TRAINING DEPT'),
(2094, 'E&MS(CEO\'S OFFICE) ANTEROOM'),
(2095, 'E&MS POLICY ROOM'),
(2096, 'TRAINING DEPT'),
(2097, 'STAFF DEVELOPMENT CENTER(PRINCIPAL OFFICE)'),
(2098, 'SEC ROOM'),
(2099, 'STAFF ROOM I'),
(2100, 'STAFF ROOM II'),
(2101, 'CLASSROOM I'),
(2102, 'LECTURE ROOM III'),
(2103, 'ROOM 3 TYPEWRITER\"'),
(2104, 'CLASSROOM II'),
(2105, 'PA HEAD OF SERVICE'),
(2106, 'DIRECTOR HOS'),
(2107, 'EXTENSION REG'),
(2108, 'PRESS OFFICE OHOS'),
(2109, 'HEAD OF SERVICE OFFICE'),
(2110, 'ELECTICAL SECTION'),
(2111, 'SSG Office'),
(2112, 'SSA'),
(2113, 'SSG\'S OFFICE'),
(2114, 'OFFICE OF SUVEYOR GENERAL'),
(2115, 'ASST SUVEYOR;S OFFICE'),
(2116, 'DIR OF BANKING OFFICE'),
(2117, 'CADASTRAL'),
(2118, 'GIS'),
(2119, 'AUDITOR/STORE OFFICE'),
(2120, 'OFFICE OF THE SUVERYOR GENERAL'),
(2121, 'WORKSTATION'),
(2122, 'RECEPTION SECTION'),
(2123, 'RESEARCH UNIT'),
(2124, 'COORDINATOR OFFICE'),
(2125, 'COORDINATOR STRATEGY OFFICE'),
(2126, 'DRIVERS OFFICE'),
(2127, 'SERVICE DILIVERY SECTION'),
(2128, 'SEC. TO SPECIAL ADVISER\'S OFFICE'),
(2129, 'DFA ANTE SEC ROOM'),
(2130, 'ACCOUNT II OFFICE'),
(2131, 'SEC AUDIT OFFICE'),
(2132, 'DIRECTORS SECRETARY OFFICE'),
(2133, 'DATA TWO'),
(2134, 'D.D INSPECTORATE/PENSION DEPUTY DIRECTOR'),
(2135, 'SEC DIRECTOR OF ADMIN & SUPPLY'),
(2136, 'ICT UNIT'),
(2137, 'ACCOUNT OFFICE TWO'),
(2138, 'ADMIN EXECUTIVE OFFICE '),
(2139, 'ADMIN OFFICER\'S OFFICE'),
(2140, 'PERMANET SECRETARY\'S OFFICE'),
(2141, 'COMMISSIONER I OFFICE'),
(2142, 'COMMISSIONER II OFFICE'),
(2143, 'COMMISSIONER\'S ANTIE ROOM'),
(2144, 'CHAIRMAN\'S SECRETARY'),
(2145, 'PENSION COMMISSION VEHICLE'),
(2146, 'PS-ANTE ROOM'),
(2147, 'ACCT PERSONNEL'),
(2148, 'ACEO\'s Office'),
(2149, 'SAS\'s Office'),
(2150, 'CHAIRMAN ANTIE ROOM'),
(2151, 'P.S ANTIE ROOM'),
(2152, 'N.P.I & HEALTH EDUCATION UNITS'),
(2153, 'REPRODUCTIVE HEALTH'),
(2154, 'M  & E'),
(2155, 'DIRECTOR PLANNING RESEARCH & STATISTICS'),
(2156, 'INTERNAL AUDITOR/ STORE'),
(2157, 'DIRECTOR OF P.H. C'),
(2158, 'D.A.S OFFICE'),
(2159, 'D.F.A OFFICE'),
(2160, 'NUTRITION OFFICE'),
(2161, 'PAYMASTER OFFICE'),
(2162, 'PRODUCE UNIT'),
(2163, 'PRODUCE OFFICER\'S OFFICE'),
(2164, 'PU IKERE EKITI'),
(2165, 'PRODUCE UNIT ILAWE EKITI'),
(2166, 'PRODUCE UNIT ISE EKITI'),
(2167, 'PU AISEGBA EKITI, GRADER OFFICE'),
(2168, 'PU AISEGBA EKITI'),
(2169, 'PU ARAMOKO EKITI, PRODUCE OFFICER\'S OFFICE'),
(2170, 'PRODUCE UNTI OMUO EKITI'),
(2171, 'PU ARAMOKO EKITI, OPEN OFFICE'),
(2172, 'PRODUCE UNIT IJERO EKITI'),
(2173, 'PU AISEGBA EKITI, PRODUCE OFFICER\'S OFFICE'),
(2174, 'PU AISEGBA EKITI, CHECKTESTING'),
(2175, 'PRODUCE UNIT OYE EKITI'),
(2176, 'PRODUCE UNIT IKOLE EKITI'),
(2177, 'PRODUCE UNIT IKOLE EKITI, PRODUCE OFFICER\'S OFFICE'),
(2178, 'SEC. TO CHAIRMAN\'S OFFICE'),
(2179, 'SECRETARY PMC'),
(2180, 'MEMBER OFFICE III'),
(2181, 'MEMBER\'S OFFICE II'),
(2182, 'CHAIRMAN PMC\'S OFFICE'),
(2183, 'MEMBER\'S OFFICE I'),
(2184, 'SECRETARY OFFICE, ANTEROOM'),
(2185, 'DIR. GENERAL OFFICE, SECRETARY'),
(2186, 'ACCOUNT ROOM, OFFICE'),
(2187, 'DIR. OF PUBLIC WORKS'),
(2188, 'PLANT& EQUIPMENT OFFICE'),
(2189, 'SENIOR SPECIAL ADVISER'),
(2190, 'BEAUTIFICATION DEPT'),
(2191, 'EQUIPMENT'),
(2192, 'OPERATOR OFFICE'),
(2193, 'RWS IKERE EKITI, GENERAL MANAGER\'S OFFICE'),
(2194, 'RWS IKERE EKITI, SEC. TO GENERAL MANAGER\'S OFFICE'),
(2195, 'RWS IKERE EKITI, WAITING ROOM'),
(2196, 'RWS IKERE EKITI, ACCOUNT/AUDIT DEPT'),
(2197, 'RWS IKERE EKITI, DAS OFFICE'),
(2198, 'RWS IKERE EKITI, WATER SUPPLY OFFICE'),
(2199, 'RWS IKERE EKITI, ADMIN OFFICE'),
(2200, 'RWS IKERE EKITI, PLANNING DEPT'),
(2201, 'RWS IKERE EKITI, MECHANICAL DEPT'),
(2202, 'RWS IKERE EKITI, DIR. OF WATER SUPPLY'),
(2203, 'RWS IKERE EKITI, SANITATION DEPT'),
(2204, 'STORE OFFICE-IKERE'),
(2205, 'RWS IKERE EKITI, CONFERENCE ROOM'),
(2206, 'RWS IKERE EKITI, STORE ROOM'),
(2207, 'DEPT OF POLITICAL ANTE ROOM'),
(2208, 'SA POLITICAL & INTER PARTY  RELATION'),
(2209, 'PROJECT MANAGER OFFICE'),
(2210, 'MONITORING AND EVALUATION OFFICE'),
(2211, 'MONITORING AND INSPECTION OFFICE'),
(2212, 'P.M ANTE ROOM'),
(2213, 'P.M SECRETARY'),
(2214, 'COMMUNITY MOBILIZATION OFFICE'),
(2215, 'D.F.A ANTIE ROOM'),
(2216, 'COMMUNITY MOBILIZATION OFFICE DEP.SEC'),
(2217, 'COMMUNITY MOBILIZATION OFFICE SECRETARY'),
(2218, 'INFORMATION/M&E DEPT'),
(2219, 'HIV CONSELLING AND TESTING'),
(2220, 'HCT 2'),
(2221, 'ADMIN ANTE ROOM'),
(2222, 'DONATED BY BANK PHB'),
(2223, 'STORE ADMIN\'S OFFICE'),
(2224, 'ANTIE ROOM DDO'),
(2225, 'ANTE-ROOM TO CHAIRMAN\'S OFFICE'),
(2226, 'BOARD SECRETARY'),
(2227, 'DIR PLANNING, RESEA AND STATICS'),
(2228, 'SECRETARY TO DIRECTOR'),
(2229, 'SECRETARY TO DFA'),
(2230, 'BOARD MEMBER ROOM3'),
(2231, 'BOARD MEMBER ROOM2'),
(2232, 'BOARD MEMBER ROOM 1'),
(2233, 'ACCOUNT'),
(2234, 'TYPING POOL/PEO\'S OFFICE'),
(2235, 'DFA/CASHIER\'S OFFICE'),
(2236, 'ACCOUNT SECTION /DFA'),
(2237, 'BIOMETRICS OFFICE ACCOUNT'),
(2238, 'DEP. DIR. NURSING SERVICE DEPT'),
(2239, 'DIRECTOR NURSING SERVICE'),
(2240, 'DIRECTOR OF PHARMACEUTICAL SERVICES'),
(2241, 'DIRECTOR OF PHARMACEUTICAL SERVICES, ANTEROOM'),
(2242, 'WORKS&MAINTENANCE OFFICE'),
(2243, 'MOTOR MAINTENANCE UNIT'),
(2244, 'DEP. DIR. PHARMACEUTICAL OFFICE'),
(2245, 'CHIEF HEALTH RECORD\'S OFFICE'),
(2246, 'GENERATOR ROOM'),
(2247, 'PLANNING, RESEARCH & STATISTICS'),
(2248, 'PLANNING, RESEARCH & STATISTICS, ANTEROOM'),
(2249, 'DRAINAGE(ABA ERINFUN)'),
(2250, 'REARING(ABA ERINFUN)'),
(2251, 'ABA ERINFUN'),
(2252, 'OLD GOVERNOR\'S OFFICE'),
(2253, 'ANTE ROOM-OLD GOV OFFICE'),
(2254, 'DIRECTOR\'S OFFICE-OLD GOV OFFICE'),
(2255, 'FOUNTAIN CHALET 3'),
(2256, 'SA(PUBLIC SERVICE REFORM)'),
(2257, 'DAS/SECRETARY OFFICE'),
(2258, 'HEO\'S OFFICE '),
(2259, 'D. G SECRETARY OFFICE'),
(2260, 'D.F.A SEC OFFICE'),
(2261, 'C.E.O OFFICE'),
(2262, 'CHIEF INTERNAL AUDITOR OFFICE'),
(2263, 'MOTOR CYCLE'),
(2264, 'D.O.P OFFICE '),
(2265, 'D.O.P OFFICE 2'),
(2266, 'D.O.P OFFICE 3'),
(2267, 'D.O.P OFFICE 4'),
(2268, 'D.O.P OFFICE 5'),
(2269, 'D.O.P OFFICE 6'),
(2270, 'D.O.P OFFICE 7'),
(2271, 'D.O.P OFFICE 8'),
(2272, 'D.O.P OFFICE 9'),
(2273, 'D.O.P OFFICE 10'),
(2274, 'D.O.P OFFICE 11'),
(2275, 'D.O.P OFFICE 12'),
(2276, 'GENERAL MANAGER\'S SECRETARY OFFICE'),
(2277, 'PRO OFFICE'),
(2278, 'DFA (ROOM 5)'),
(2279, 'DIRECTOR, ORGANISING'),
(2280, 'DIRECTOR, COACHING BALL GAMES'),
(2281, 'DIRECTOR, COACHING INDIVIDUAL'),
(2282, 'CHAIRMAN\'S SECRETARY OFFICE'),
(2283, 'DIRECTOR ADMIN&SUPPLIES (ROOM 10)'),
(2284, 'DIRECTOR, PLANNING RESEARCH&STATISTCS'),
(2285, 'PLANNING RESEARCH&STATISTICS(ANNEXE)'),
(2286, 'WAGES OFFICE(ROOM 18)'),
(2287, 'ACCOUNTS OFFICE (ROOM 21)'),
(2288, 'ASS. CHIEF EXECUTIVE OFFICER (ROOM 23)'),
(2289, 'TYPING POOL (ROOM 24)'),
(2290, 'DEPUTY DIRECTOR, ORGANISER\'S OFFICE(ROOM17)'),
(2291, 'CASHIER\'S OFFICE (ROOM 11)'),
(2292, 'SC IKERE EKITI, COORDINATOR OFFICE'),
(2293, 'SC IKERE EKITI, ADMIN OFFICE'),
(2294, 'SC IKERE EKITI, BOARD ROOM OFFICE'),
(2295, 'SSA TO THE ELDER\'S MATTERS OFFICE'),
(2296, 'GENERAL MANAGER\'S OFFICE(ANTEROOM)'),
(2297, 'PASSAGE TO DAS\'S OFFICE'),
(2298, 'ADMIN OFFICE AND SUPPLY'),
(2299, 'S.E.PA OPEN REGISTRY/S.E.O'),
(2300, 'HOD POLLUTION CONTROL/INTERNAL AUDIT'),
(2301, 'HOD PLAN, EVALUATION & MONIT/PRINT TECH OFFICE'),
(2302, 'DAS & SEC OFFICE'),
(2303, 'GENERAL MANAGERS OFFICE'),
(2304, 'GENERAL MANAGERS SECRETARY'),
(2305, 'DFA & ACCOUNT OFFICE'),
(2306, 'SECRETARIAT ASSISTANT OFFICE'),
(2307, 'DAS, OFFICE'),
(2308, 'DIR., FINANCE & ACCOUNTS'),
(2309, 'COMMISSIONER I'),
(2310, 'COMMISSIONER II'),
(2311, 'PRINCIPAL EXECUTIVE OFFICER I'),
(2312, 'COMMISSIONER III'),
(2313, 'ADMIN SECRETARY ANTEROOM'),
(2314, 'CHAIRMAN, ANTEROOM'),
(2315, 'SIEC BUILDING I ADO EKITI'),
(2316, 'SIEC BUILDING II ADO EKITI'),
(2317, 'CHIEF PERSONNEL'),
(2318, 'DEPUTY DIRECTOR, DAS(PAS P)'),
(2319, 'ANTEROOM (PAS P)'),
(2320, 'STORE OFFFICE, ANTEROOM'),
(2321, 'MAIN STORE OFFICE'),
(2322, 'TEACHER SALARY OFFICE I'),
(2323, 'TEACHER SALARY OFFICE II'),
(2324, 'TEACHER SALARY OFFICE III'),
(2325, 'CHIEF ACCOUNTANT OFFICE'),
(2326, 'CHIEF ACCOUNTANT, ANTEROOM'),
(2327, 'ELECTRONIC PAYROLL UNIT OFFICE'),
(2328, 'ELECTRONIC PAYROLL UNIT OFFICE, ANTEROOM'),
(2329, 'FULLTIME MEMBER OFFICE , ANTEROOM'),
(2330, 'MAIN OFFICE OF FULL TIME MEMBER II'),
(2331, 'GARDENER OFFICE'),
(2332, 'MAIN OFFICE, FULL TIME MEMBER I'),
(2333, 'PS, ANTEROOM II'),
(2334, 'DIRECTOR, SCHOOL SERVICES'),
(2335, 'DIRECTOR, SCHOOL SERVICES, ANTEROOM'),
(2336, 'MAIN OFFICE, FULL TIME MEMBER I, ANTEROOM'),
(2337, 'BOARD ROOM'),
(2338, 'DIR, PLANNING, RESEARCH& STATISTICS OFFICE'),
(2339, 'DIR, PRS, ANTEROOM'),
(2340, 'CHAIRMAN ROOM'),
(2341, 'SECRETARY TO CHAIRMAN OFICE'),
(2342, 'AUDIT DEPARTMENT 1ST ROOM'),
(2343, 'AUDIT DEPARTMENT 2ND ROOM'),
(2344, 'AUDIT ANTIE ROOM 2'),
(2345, 'AUDIT ANTIE ROOM 3'),
(2346, 'AUDIT ANTIE ROOM 4'),
(2347, 'AUDIT ANTIE ROOM 5'),
(2348, 'AUDIT ANTIE ROOM 6'),
(2349, 'AUDIT ANTIE ROOM 7'),
(2350, 'AUDIT ANTIE ROOM 8'),
(2351, 'AUDIT ANTIE ROOM 9'),
(2352, 'AUDIT ANTIE ROOM 10'),
(2353, 'AUDIT ANTIE ROOM 11'),
(2354, 'AUDIT ANTIE ROOM 12'),
(2355, 'AUDIT ANTIE ROOM 13'),
(2356, 'AUDIT ANTIE ROOM 14'),
(2357, 'AUDIT ANTIE ROOM 15'),
(2358, 'CHIEF INTERNAL OFFICER\'S OFFICE'),
(2359, 'AUDIT OFFICE ROOM 3'),
(2360, 'AUDIT OFFICE ROOM 4'),
(2361, 'AUDIT OFFICE ROOM 5'),
(2362, 'AUDIT OFFICE ROOM 6'),
(2363, 'AUDIT OFFICE ROOM 7'),
(2364, 'AUDIT OFFICE ROOM 8'),
(2365, 'AUDIT OFFICE ROOM 9'),
(2366, 'AUDIT OFFICE ROOM 10'),
(2367, 'AUDIT OFFICE ROOM 11'),
(2368, 'AUDIT OFFICE ROOM 12'),
(2369, 'AUDIT OFFICE ROOM 13'),
(2370, 'AUDIT OFFICE ROOM 14'),
(2371, 'AUDIT OFFICE ROOM 15'),
(2372, 'AUDIT OFFICE ROOM 16'),
(2373, 'AUDIT OFFICE ROOM 17'),
(2374, 'AUDIT OFFICE ROOM 18'),
(2375, 'AUDIT OFFICE ROOM 19'),
(2376, 'AUDIT OFFICE ROOM 20'),
(2377, 'AUDIT OFFICE ROOM 21'),
(2378, 'AUDIT OFFICE ROOM 22'),
(2379, 'AUDIT OFFICE ROOM 23'),
(2380, 'AUDIT OFFICE ROOM 24'),
(2381, 'PLANNING REACHE & STATISTICS & EMIS OFICE'),
(2382, 'ANTIE ROOM OF PLANNING & REACHE & STATISTICS'),
(2383, 'PRINCIPAL ASSITANCE SECRETARY A'),
(2384, 'ANTIE ROOM TO PAS A'),
(2385, 'ACADEMIC PLANNING UNIT'),
(2386, 'ANTIE ROOM TO ACADEMIC PLANNING'),
(2387, 'CURRICULUM & SCHOOL SUPPORT OFFICE'),
(2388, 'ANTIE ROOM TO CURRICULUM & SCHOOL SUPPORT'),
(2389, 'MONITORING & EVALUATION & STANDARD ANTIE ROOM '),
(2390, 'MAIN ROOM MES'),
(2391, 'SUBEB COMPUTER CENTER'),
(2392, 'SUBEB HALL'),
(2393, 'SOCIAL MOBILIZATION'),
(2394, 'OFFICE OF PA TO CHAIRMAN'),
(2395, 'COMMISSIONER 1 OFFICE'),
(2396, 'COMMISSIONER 2&3 OFFICE'),
(2397, 'LOAN & ADVANCE OFFICE'),
(2398, 'DIRECTOR RESEARCH & PLANNING'),
(2399, 'DIRECTOR ANTEE ROOM'),
(2400, 'PLANNING & RESEARCH OFFICE 1'),
(2401, 'PLANNING & RESEARCH OFFICE 2'),
(2402, 'AUDIT B OFFICE'),
(2403, 'C.E.O ANTEE ROOM'),
(2404, 'COMMISSIONER 4 OFFICE'),
(2405, 'P.S SECRETARY'),
(2406, 'P.S '),
(2407, 'P.S  AUNTIE ROOM'),
(2408, 'D.A.S ANTIE ROOM'),
(2409, 'UNDER  SEC. OFFICE'),
(2410, 'PENSION DEPT'),
(2411, 'DRIVER\'\'S ROOM'),
(2412, 'D.F.A. ANTIE ROOM'),
(2413, 'CHAIRMAN\'S OFFICE, ANTEROOM'),
(2414, 'ACCOUNT SECTION, SALARY ROOM I'),
(2415, 'SALARY ROOM II'),
(2416, 'INTERNAL AUDIT A'),
(2417, 'SALARY PARTIONING II'),
(2418, 'SALARY PARTIONING III'),
(2419, 'SALARY PARTIONING I'),
(2420, 'VEHICLES AND BIKE'),
(2421, 'SEC FABRICATION, WELDING'),
(2422, 'FURNITURE SECTION'),
(2423, 'OFFICE FABRICATION AND WELDING'),
(2424, 'FURNITURE OFFICE'),
(2425, 'PRINCIPAL OFFICE'),
(2426, 'BURSAR\'S OFFICE'),
(2427, 'VP ADMIN OFFICE'),
(2428, 'VP II OFFICE'),
(2429, 'COUNSELLOR OFFICE'),
(2430, 'SCHOOL BUS'),
(2431, 'CERAMIC SECTION'),
(2432, 'HEAD OF DEPARTMENT OFFICE'),
(2433, 'REFRIGRATION AND AIR'),
(2434, 'CONDITIONING SECTION'),
(2435, 'CATALOGUE ROOM'),
(2436, 'BASIC DEPT'),
(2437, 'SCIENCE LABOEATORY'),
(2438, 'VEHICLE BODY BUILDING '),
(2439, 'AUTO MOBILE SECTION'),
(2440, 'HEAD OF SECTION'),
(2441, 'INSTRUCTOR OFFICE'),
(2442, 'TC OTUN, PRINCIPAL\'S OFFICE'),
(2443, 'TC OTUN, BURSAR\'S OFFICE'),
(2444, 'TC OTUN, COUNSELLOR\'S OFFICE'),
(2445, 'TC OTUN, STORE'),
(2446, 'TC OTUN, MECHANICAL DEPT'),
(2447, 'TC OTUN, FABRICATION&WELDING WORKSHOP'),
(2448, 'TC OTUN, VICE PRINCIPAL\'S OFFICE'),
(2449, 'TC OTUN, MECH ENGR CRAFT PRACTICE'),
(2450, 'TC OTUN, ELECTRICAL INSTALLATION DEPT'),
(2451, 'TC OTUN, LIBRARY'),
(2452, 'TC IJERO EKITI, LIBRARY BLOCK'),
(2453, 'TC IJERO EKITI, LIBRARY HALL'),
(2454, 'TC IJERO EKITI, TEXTILE DEPT'),
(2455, 'TC IJERO EKITI, GARMENT MAKING SESSION'),
(2456, 'TC IJERO EKITI'),
(2457, 'TC IJERO EKITI, BIOLOGY LABORATORY'),
(2458, 'TC IJERO EKITI, PRINCIPAL\'S OFFICE'),
(2459, 'TC IJERO EKITI, SEC. OFFICE'),
(2460, 'TC IJERO EKITI, OPEN ADMIN'),
(2461, 'TC IJERO EKITI, BURSAR\'S OFFICE'),
(2462, 'TC IJERO EKITI, VP\'S OFFICE'),
(2463, 'TC IJERO EKITI, STORE OFFICE'),
(2464, 'TC IJERO EKITI, COMPUTER SECTION'),
(2465, 'TC IJERO EKITI, HOD\'S OFFICE'),
(2466, 'TC OTUN EKITI, AGRIC MECHANIC SECTION'),
(2467, 'TC OTUN EKITI, AGRIC MECHANIC STAFF ROOM'),
(2468, 'TC OTUN EKITI, CATERING DEPT'),
(2469, 'TC IJERO EKITI, GENERAL EDUCATION STAFF OFFICE'),
(2470, 'TC IJERO EKITI, BUSARY OFFICE'),
(2471, 'TC IJERO EKITI, HOD SECRETARIAT STUDY'),
(2472, 'TC IJERO EKITI, TEXTILE WORKSHOP'),
(2473, 'TC IJERO EKITI, SCHOOL HALL'),
(2474, 'TC IKOLE EKITI, RECEPTION/ REGISTRY'),
(2475, 'TC IKOLE EKITI, PRINCIPAL\'S OFFICE'),
(2476, 'TC IKOLE EKITI, ADMIN OFFICE'),
(2477, 'TC IKOLE EKITI, COMPUTER CRAFT SECTION'),
(2478, 'TC IJERO EKITI, PHYSICS LABORATORY'),
(2479, 'TC IJERO EKITI, STAFF ROOM'),
(2480, 'TC IJERO EKITI, CATERING DEPT'),
(2481, 'TC IKOLE EKITI, BURSAR\'S OFFICE'),
(2482, 'TC IKOLE EKITI, TYPING POOL'),
(2483, 'TC IKOLE EKITI, ELECTRICAL INSTALLATION/MAINT.'),
(2484, 'TC IKOLE EKITI, PAINTING/DECORATING SECTION'),
(2485, 'TC IKOLE EKITI, CARPENTRY/JOINERY SECTION WORKSHOP'),
(2486, 'TC IKOLE EKITI, COMPUTER CRAFT STORE'),
(2487, 'TC IKOLE EKITI, PLUMBING/PIPE FITTING WORKSHOP'),
(2488, 'TC IKOLE EKITI, PLUMBING/PIPE FITTING STORE'),
(2489, 'TC IKOLE EKITI, STAFF OFFICE'),
(2490, 'TC IKOLE EKITI, BUILDING SECTION STAFF OFFICE'),
(2491, 'TC IKOLE EKITI, BUILDING SECTION STORE'),
(2492, 'TC IKOLE EKITI, BUILDING SECTION STAFF OFFICE II'),
(2493, 'TC IKOLE EKITI, BUILDING SECTION WORKSHOP'),
(2494, 'TC IKOLE EKITI, PHYSICS LABORATORY'),
(2495, 'TC IKOLE EKITI, LIBRARY'),
(2496, 'TC IKOLE EKITI'),
(2497, 'COMPUTER SECTION-IGBARA ODO'),
(2498, 'ELECTRONICS STAFF OFFICE IGBARA ODO'),
(2499, 'TC IKOLE EKITI, STAFF OFFICE II'),
(2500, 'TC IKOLE EKITI, CHEMISTRY LABORATORY'),
(2501, 'PRINCIPAL OFFICE IGBARA ODO'),
(2502, 'OPEN REGISTRY IGBARA ODO'),
(2503, 'STORE IGBARA ODO'),
(2504, 'VICE PRINCIPA OFFICE IGBARA ODO'),
(2505, 'STAFF ROOM-IGBARA ODO'),
(2506, 'TREE CROP UNIT'),
(2507, 'MD ANTIE ROOM'),
(2508, 'DIR.OF WORKS'),
(2509, 'WAITING ROOM DIR.OF WORKS'),
(2510, 'CIA OFFICE'),
(2511, 'HOD ESTIMATE &EVALUATION'),
(2512, 'ASST.CHIEF ELECTRICAL OFFICER'),
(2513, 'GAD'),
(2514, 'OFFICE TWO'),
(2515, 'OFFICE THREE'),
(2516, 'TELEPHONE ROOM'),
(2517, 'BOARD OFFICE'),
(2518, 'ANTE-ROOM TO DAS OFFICE'),
(2519, 'OPEN REGISTRY/ENFORCEMENT OFFICE'),
(2520, 'SENIOR EXECUTIVE OFFICE'),
(2521, 'CHIEF ENVIRONMENTAL OFFICER'),
(2522, 'ANTE-ROOM TO DFA\'S OFFICE'),
(2523, 'CENTRAL INTERNAL AUDIT OFFICE'),
(2524, 'ANTE ROOM GENERAL MANAGERS OFFICE'),
(2525, 'BILING CENTER'),
(2526, 'BILING CENTER ROOM TWO'),
(2527, 'BILING CENTER ROOM FOUR'),
(2528, 'CARS OPERATIONAL DEPT'),
(2529, 'BILING CENTER ROOM THREE'),
(2530, 'WATER CORPORATION CHAIRMAN\'S OFFICE'),
(2531, 'COMMERCIAL DEPARTMENT'),
(2532, 'COMMERCIAL DIRECTOR\'S OFFICE'),
(2533, 'GENERAL WAITING ROOM'),
(2534, 'OPEN AUDIT OFFICE'),
(2535, 'CONSTRUC AND DESIGN DEPT OFFICE'),
(2536, 'DIRECTOR OF OPERATION\'S OFFICE'),
(2537, 'ASST GEN MANAGER\'S OFFICE'),
(2538, 'ASST DIRECTOR OPERATION\'S OFFICE'),
(2539, 'PLANNING AND RESEARCH OFFICE'),
(2540, 'DIRECTOR OF CONSTRUCTION AND DESIGN'),
(2541, 'ELECTRICAL OFFICE'),
(2542, 'PUBLIC RELATION OFFICE'),
(2543, 'CEO ESTAB. ADMIN DEPARTMENT'),
(2544, 'CONFIDENTIAL REGISTRY OFFICE'),
(2545, 'DIRECTOR ADMIN AND SUPPLY'),
(2546, 'DAS OFFICE SEC'),
(2547, 'WAGES OFFICE'),
(2548, 'DIRECTOR OF QUALITY CONTROL'),
(2549, 'WATER CORPORATION BUILDING'),
(2550, 'PRODUCTION MGT OFFICE'),
(2551, 'LABORATORY OFFICE'),
(2552, 'GENERATOR BUILDING'),
(2553, 'LABORATORY BUILDING'),
(2554, 'LABORATORY II'),
(2555, 'WC EFON ALLAYE EKITI, BOOSTER STATION'),
(2556, 'CASHIER OFFICE'),
(2557, 'WATER CORPORATION-IGBARA ODO'),
(2558, 'WATER CORPORATION IJEREO EKITI'),
(2559, 'ARAMOKO TOWN HALL'),
(2560, 'WATER CORPORATION IDO-OSI, OPEN REGISTRY'),
(2561, 'WATER CORPORATION IDO EKITI, CHIEF EXEC. OFFICE'),
(2562, 'WATER CORPORATION IDO EKITI, COMPUTER ROOM'),
(2563, 'WATER CORPORATION IDO EKITI, CASHIER\'S OFFICE'),
(2564, 'WATER CORP. IDO EKITI, SECRETARY/BUSINESS MGR'),
(2565, 'AYETORO EKITI BOOSTER STATION'),
(2566, 'AYETORO EKITI BOOSTER STATION, PUMPING ROOM'),
(2567, 'AYETORO EKITI BOOSTER STATION, GENERATOR ROOM'),
(2568, 'WC IDO ILE EKITI, LOW LIFT HOUSE'),
(2569, 'WC IKERE EKITI, ARTESAN BOREHOLE'),
(2570, 'WC OKEMESI EKITI, STATION'),
(2571, 'WC ITAWURE EKITI, BOOSTER STATION'),
(2572, 'WC IKERE EKITI, COMMERCIAL OFFICE'),
(2573, 'WC IKERE EKITI, ROOM II'),
(2574, 'WC IKERE EKITI, COMMERCIAL'),
(2575, 'WC IKERE EKITI, WORKSHOP'),
(2576, 'WC IKOLE EKITI, OPEN REGISTRY'),
(2577, 'WC IKOLE EKITI, COMMERCIAL OFFICE'),
(2578, 'WC IKOLE EKITI, CIVIL DEPT'),
(2579, 'WC IKOLE EKITI, ADMIN DEPT'),
(2580, 'WC IKOLE EKITI, BUSINESS MANAGER OFFICE'),
(2581, 'WATER CORPORATION ODE EKITI, COMERCIAL OFFICE'),
(2582, 'WC ISAN EKITI'),
(2583, 'WATER CORPORATION ODE EKITI, MANAGER OFFICE'),
(2584, 'WC ITAPAAJI EKITI, STATION'),
(2585, 'WC ERO DAM, IKUN EKITI HIGH LIFT PUMP DAM'),
(2586, 'WATER CORPORATION BOOSTER STATION, IJAN EKITI'),
(2587, 'WC ERO DAM, IKUN EKITI P.M OFFICE'),
(2588, 'WC ERO DAM, IKUN EKITI LABORATORY'),
(2589, 'WC ERO DAM, IKUN EKITI'),
(2590, 'WC ERO DAM, IKUN EKITI STORE OFFICE'),
(2591, 'WATER CORPORATION BOOSTER STATION, ILASA EKITI'),
(2592, 'WATER CORPORATION BOOSTER STATION, ISINBODE EKITI'),
(2593, 'WC ERO DAM, IKUN EKITI RECEPTION'),
(2594, 'WC ERO DAM, IKUN EKITI WATER TREATMENT PLANT'),
(2595, 'WC ERO DAM, IKUN EKITI WORKSHOP'),
(2596, 'WC ERO DAM, IKUN EKITI, CHLORINE ROOM'),
(2597, 'WC ERO DAM, IKUN EKITI, LOWLIFT PUMP HOUSE'),
(2598, 'WC IGEDE EKITI, COMMERCIAL OFFICE'),
(2599, 'WC IGEDE EKITI, OPEN OFFICE'),
(2600, 'WC IGEDE EKITI, PUMPING ROOM'),
(2601, 'DEPUTY DIRECTOR(MGT SERVICES)');

-- --------------------------------------------------------

--
-- Table structure for table `password_resets`
--

CREATE TABLE `password_resets` (
  `email` varchar(191) COLLATE utf8mb4_unicode_ci NOT NULL,
  `token` varchar(191) COLLATE utf8mb4_unicode_ci NOT NULL,
  `created_at` timestamp NULL DEFAULT NULL
) ENGINE=MyISAM DEFAULT CHARSET=utf8mb4 COLLATE=utf8mb4_unicode_ci;

-- --------------------------------------------------------

--
-- Table structure for table `reassignedasset`
--

CREATE TABLE `reassignedasset` (
  `id` bigint(20) UNSIGNED NOT NULL,
  `itemNo` varchar(191) COLLATE utf8mb4_unicode_ci NOT NULL,
  `description` varchar(191) COLLATE utf8mb4_unicode_ci NOT NULL,
  `mda` varchar(255) COLLATE utf8mb4_unicode_ci NOT NULL,
  `former_custodian` varchar(191) COLLATE utf8mb4_unicode_ci DEFAULT NULL,
  `present_custodian` varchar(191) COLLATE utf8mb4_unicode_ci DEFAULT NULL,
  `created_at` timestamp NULL DEFAULT NULL,
  `updated_at` timestamp NULL DEFAULT NULL
) ENGINE=MyISAM DEFAULT CHARSET=utf8mb4 COLLATE=utf8mb4_unicode_ci;

-- --------------------------------------------------------

--
-- Table structure for table `reassigneds`
--

CREATE TABLE `reassigneds` (
  `id` bigint(20) UNSIGNED NOT NULL,
  `asset_id` int(11) NOT NULL,
  `itemNo` varchar(191) COLLATE utf8mb4_unicode_ci NOT NULL,
  `description` varchar(191) COLLATE utf8mb4_unicode_ci NOT NULL,
  `mda` varchar(255) COLLATE utf8mb4_unicode_ci NOT NULL,
  `former_custodian` varchar(191) COLLATE utf8mb4_unicode_ci DEFAULT NULL,
  `present_custodian` varchar(191) COLLATE utf8mb4_unicode_ci DEFAULT NULL,
  `created_at` timestamp NULL DEFAULT NULL,
  `updated_at` timestamp NULL DEFAULT NULL
) ENGINE=MyISAM DEFAULT CHARSET=utf8mb4 COLLATE=utf8mb4_unicode_ci;

--
-- Dumping data for table `reassigneds`
--

INSERT INTO `reassigneds` (`id`, `asset_id`, `itemNo`, `description`, `mda`, `former_custodian`, `present_custodian`, `created_at`, `updated_at`) VALUES
(1, 10, 'FFCH0004', 'EXECUTIVE TABLE WITH EXTENSION', 'Accountant General\'s Office', 'Samuel Aluko', 'Ojo Peter', '2020-06-14 11:35:49', '2020-06-14 11:35:49'),
(2, 6, 'FFCH00043', 'LG', 'Bureau Of Public Procurement', 'Ojo Peter', 'Omotayo Omolara', '2020-06-14 12:08:54', '2020-06-14 12:08:54'),
(3, 6, 'FFCH00043', 'LG', 'Accountant General\'s Office', 'Omotayo Omolara', 'Seun Adelabu', '2020-06-14 12:59:11', '2020-06-14 12:59:11'),
(4, 3, 'FFCH00005', 'ARM-CHAIR', 'Accountant General\'s Office', 'Omotayo Omolara', 'Omotayo Omolara', '2020-06-15 09:41:14', '2020-06-15 09:41:14'),
(5, 1, 'FFTA00020', 'EXECUTIVE TABLE WITH EXTENSION', 'Accountant General\'s Office', 'Ojo Peter', 'Omotayo Omolara', '2020-06-15 09:44:20', '2020-06-15 09:44:20'),
(6, 4, 'FFCH00041', 'CHAIR-UPHOLSTERYY 1SEATER', 'Accountant General\'s Office', 'Samuel Aluko', 'Seun Adelabu', '2020-06-15 09:44:48', '2020-06-15 09:44:48'),
(7, 6, 'FFCH00043', 'LG', 'Accountant General\'s Office', 'Seun Adelabu', 'Ojo Peter', '2020-06-15 10:21:22', '2020-06-15 10:21:22');

-- --------------------------------------------------------

--
-- Table structure for table `status`
--

CREATE TABLE `status` (
  `id` int(20) NOT NULL,
  `reason` varchar(255) NOT NULL,
  `date` date NOT NULL,
  `to_who` varchar(100) NOT NULL
) ENGINE=InnoDB DEFAULT CHARSET=latin1;

-- --------------------------------------------------------

--
-- Table structure for table `users`
--

CREATE TABLE `users` (
  `id` bigint(20) UNSIGNED NOT NULL,
  `name` varchar(191) COLLATE utf8mb4_unicode_ci NOT NULL,
  `email` varchar(191) COLLATE utf8mb4_unicode_ci NOT NULL,
  `email_verified_at` timestamp NULL DEFAULT NULL,
  `password` varchar(191) COLLATE utf8mb4_unicode_ci NOT NULL,
  `level` varchar(191) COLLATE utf8mb4_unicode_ci NOT NULL,
  `mda` varchar(191) COLLATE utf8mb4_unicode_ci NOT NULL,
  `remember_token` varchar(100) COLLATE utf8mb4_unicode_ci DEFAULT NULL,
  `created_at` timestamp NULL DEFAULT NULL,
  `updated_at` timestamp NULL DEFAULT NULL
) ENGINE=MyISAM DEFAULT CHARSET=utf8mb4 COLLATE=utf8mb4_unicode_ci;

--
-- Dumping data for table `users`
--

INSERT INTO `users` (`id`, `name`, `email`, `email_verified_at`, `password`, `level`, `mda`, `remember_token`, `created_at`, `updated_at`) VALUES
(1, 'custodian', 'custodian@gmail.com', NULL, '$2y$10$4gHREOFbEm2QixRV8370yul56hFfGbCrs5wOF1gTU.Phrk37vBF0m', 'custodian', 'Accountant General\'s Office', NULL, '2020-05-25 21:01:57', '2020-05-25 21:01:57'),
(2, 'user', 'user@gmail.com', NULL, '$2y$10$I9zi2azlOU0y7s/uYHbKlOgUz8sd1FVgODDOMjjA1cawsgzZb01wy', 'user', '', NULL, '2020-05-25 22:08:20', '2020-05-25 22:08:20'),
(3, 'Store Officer', 'admin@gmail.com', NULL, '$2y$10$hFV0RzRbmxLCMDQ90Xe5iOHzlZptzfcynVCrEKu.kd.aDag.W5L2y', 'admin', 'Accountant General\'s Office', NULL, '2020-05-26 04:28:54', '2020-05-31 16:21:04'),
(4, 'Admin', 't.toluadesola@gmail.com', NULL, '$2y$10$1mHHwYbXbSNBzQckIfBztuzUyIAhRY4xP6i0a7rs1YKbDdTppNy96', 'superadmin', 'Accountant General\'s Office', NULL, '2020-06-10 13:32:28', '2020-06-10 13:32:28');

--
-- Indexes for dumped tables
--

--
-- Indexes for table `assets`
--
ALTER TABLE `assets`
  ADD PRIMARY KEY (`id`),
  ADD KEY `assets_custodian_id_index` (`custodian_id`),
  ADD KEY `assets_user_id_index` (`user_id`),
  ADD KEY `assets_dispose_id_index` (`dispose_id`);

--
-- Indexes for table `custodians`
--
ALTER TABLE `custodians`
  ADD PRIMARY KEY (`id`);

--
-- Indexes for table `disposed_asset`
--
ALTER TABLE `disposed_asset`
  ADD PRIMARY KEY (`dispose_id`);

--
-- Indexes for table `disposes`
--
ALTER TABLE `disposes`
  ADD PRIMARY KEY (`id`),
  ADD KEY `asset_id` (`asset_id`);

--
-- Indexes for table `failed_jobs`
--
ALTER TABLE `failed_jobs`
  ADD PRIMARY KEY (`id`);

--
-- Indexes for table `location`
--
ALTER TABLE `location`
  ADD PRIMARY KEY (`id`);

--
-- Indexes for table `login`
--
ALTER TABLE `login`
  ADD PRIMARY KEY (`id`);

--
-- Indexes for table `mda`
--
ALTER TABLE `mda`
  ADD PRIMARY KEY (`id`);

--
-- Indexes for table `migrations`
--
ALTER TABLE `migrations`
  ADD PRIMARY KEY (`id`);

--
-- Indexes for table `office`
--
ALTER TABLE `office`
  ADD PRIMARY KEY (`id`);

--
-- Indexes for table `password_resets`
--
ALTER TABLE `password_resets`
  ADD KEY `password_resets_email_index` (`email`);

--
-- Indexes for table `reassignedasset`
--
ALTER TABLE `reassignedasset`
  ADD PRIMARY KEY (`id`);

--
-- Indexes for table `reassigneds`
--
ALTER TABLE `reassigneds`
  ADD PRIMARY KEY (`id`);

--
-- Indexes for table `status`
--
ALTER TABLE `status`
  ADD PRIMARY KEY (`id`);

--
-- Indexes for table `users`
--
ALTER TABLE `users`
  ADD PRIMARY KEY (`id`),
  ADD UNIQUE KEY `users_email_unique` (`email`);

--
-- AUTO_INCREMENT for dumped tables
--

--
-- AUTO_INCREMENT for table `assets`
--
ALTER TABLE `assets`
  MODIFY `id` bigint(20) UNSIGNED NOT NULL AUTO_INCREMENT, AUTO_INCREMENT=16;

--
-- AUTO_INCREMENT for table `custodians`
--
ALTER TABLE `custodians`
  MODIFY `id` bigint(20) UNSIGNED NOT NULL AUTO_INCREMENT, AUTO_INCREMENT=5;

--
-- AUTO_INCREMENT for table `disposed_asset`
--
ALTER TABLE `disposed_asset`
  MODIFY `dispose_id` int(30) NOT NULL AUTO_INCREMENT, AUTO_INCREMENT=74;

--
-- AUTO_INCREMENT for table `disposes`
--
ALTER TABLE `disposes`
  MODIFY `id` bigint(20) UNSIGNED NOT NULL AUTO_INCREMENT, AUTO_INCREMENT=4;

--
-- AUTO_INCREMENT for table `failed_jobs`
--
ALTER TABLE `failed_jobs`
  MODIFY `id` bigint(20) UNSIGNED NOT NULL AUTO_INCREMENT;

--
-- AUTO_INCREMENT for table `location`
--
ALTER TABLE `location`
  MODIFY `id` int(20) NOT NULL AUTO_INCREMENT, AUTO_INCREMENT=43;

--
-- AUTO_INCREMENT for table `login`
--
ALTER TABLE `login`
  MODIFY `id` int(50) NOT NULL AUTO_INCREMENT, AUTO_INCREMENT=7;

--
-- AUTO_INCREMENT for table `mda`
--
ALTER TABLE `mda`
  MODIFY `id` int(20) NOT NULL AUTO_INCREMENT, AUTO_INCREMENT=103;

--
-- AUTO_INCREMENT for table `migrations`
--
ALTER TABLE `migrations`
  MODIFY `id` int(10) UNSIGNED NOT NULL AUTO_INCREMENT, AUTO_INCREMENT=9;

--
-- AUTO_INCREMENT for table `office`
--
ALTER TABLE `office`
  MODIFY `id` int(20) NOT NULL AUTO_INCREMENT, AUTO_INCREMENT=2602;

--
-- AUTO_INCREMENT for table `reassignedasset`
--
ALTER TABLE `reassignedasset`
  MODIFY `id` bigint(20) UNSIGNED NOT NULL AUTO_INCREMENT, AUTO_INCREMENT=14;

--
-- AUTO_INCREMENT for table `reassigneds`
--
ALTER TABLE `reassigneds`
  MODIFY `id` bigint(20) UNSIGNED NOT NULL AUTO_INCREMENT, AUTO_INCREMENT=8;

--
-- AUTO_INCREMENT for table `status`
--
ALTER TABLE `status`
  MODIFY `id` int(20) NOT NULL AUTO_INCREMENT;

--
-- AUTO_INCREMENT for table `users`
--
ALTER TABLE `users`
  MODIFY `id` bigint(20) UNSIGNED NOT NULL AUTO_INCREMENT, AUTO_INCREMENT=5;
COMMIT;

/*!40101 SET CHARACTER_SET_CLIENT=@OLD_CHARACTER_SET_CLIENT */;
/*!40101 SET CHARACTER_SET_RESULTS=@OLD_CHARACTER_SET_RESULTS */;
/*!40101 SET COLLATION_CONNECTION=@OLD_COLLATION_CONNECTION */;
